Day,Date,Rides,20_ExpMA,Poly_Average
1,2013-01-01,13,13.0,6.068815374915742
2,2013-01-02,2,7.225,6.083691027445463
3,2013-01-03,3,5.67360532889259,6.098549200954253
4,2013-01-04,11,7.211253117206982,6.113389879538285
5,2013-01-05,9,7.643935766249047,6.1282130473086776
6,2013-01-06,5,7.0861860876895415,6.1430186883915034
7,2013-01-07,5,6.691739935389777,6.157806786927779
8,2013-01-08,8,6.917879261289762,6.17257732707348
9,2013-01-09,3,6.289432270283308,6.187330292999523
10,2013-01-10,5,6.095254943095437,6.202065668891778
11,2013-01-11,4,5.796277096194477,6.216783438951068
12,2013-01-12,5,5.687801736732824,6.231483587393159
13,2013-01-13,6,5.72865725972723,6.2461660984487715
14,2013-01-14,5,5.636582483972236,6.2608309563635745
15,2013-01-15,10,6.171310798123045,6.275478145398184
16,2013-01-16,1,5.554423890900292,6.290107649828174
17,2013-01-17,4,5.373351471667257,6.30471945394406
18,2013-01-18,8,5.672958907467028,6.319313542051309
19,2013-01-19,7,5.8215301616188775,6.333889898470344
20,2013-01-20,7,5.951298302550732,6.348448507536526
21,2013-01-21,8,6.173585591716749,6.362989353600177
22,2013-01-22,7,6.262079098945924,6.377512421026563
23,2013-01-24,2,5.811032071843401,6.392017694195904
24,2013-01-25,5,5.726101622775722,6.4065051575033625
25,2013-01-26,3,5.443308180259613,6.42097479535906
26,2013-01-27,9,5.80915455508721,6.435426592188059
27,2013-01-28,4,5.624470255236397,6.449860532430379
28,2013-01-29,7,5.763934097936683,6.464276600540986
29,2013-01-30,6,5.787722304412871,6.4786747809897935
30,2013-01-31,8,6.009425782695486,6.493055058261668
31,2013-02-01,9,6.307642067830142,6.507417416856429
32,2013-02-02,7,6.376375158289492,6.521761841288838
33,2013-02-03,10,6.734660644672545,6.536088316088611
34,2013-02-04,4,6.465251175640747,6.550396825800411
35,2013-02-05,8,6.615955327474624,6.56468735498386
36,2013-02-06,10,6.9472709130733605,6.5789598882135145
37,2013-02-07,3,6.561840532158125,6.593214410078895
38,2013-02-08,5,6.409701115399207,6.607450905184461
39,2013-02-09,9,6.6614760928187025,6.621669358149629
40,2013-02-10,5,6.50029803395108,6.6358697536087625
41,2013-02-11,8,6.645525376698008,6.650052076211176
42,2013-02-12,3,6.293065640676701,6.66421631062113
43,2013-02-13,10,6.650945527317472,6.678362441517841
44,2013-02-14,9,6.877435502845513,6.692490453595472
45,2013-02-15,7,6.8892389449641565,6.706600331563133
46,2013-02-16,15,7.669505436677414,6.720692060144888
47,2013-02-17,11,7.989595303745704,6.73476562407975
48,2013-02-18,9,8.086619615637954,6.7488210081216815
49,2013-02-19,2,7.5026104323753575,6.762858197039592
50,2013-02-20,8,7.550300864877363,6.776877175617348
51,2013-02-21,11,7.880850356563043,6.7908779286537575
52,2013-02-22,6,7.700732421851933,6.804860440962582
53,2013-02-23,8,7.729376444244632,6.818824697372534
54,2013-02-24,11,8.042271262014165,6.832770682727274
55,2013-02-25,6,7.846974760101602,6.846698381885414
56,2013-02-26,4,7.479242729133562,6.860607779720513
57,2013-02-27,4,7.1467791464045245,6.874498861121081
58,2013-02-28,4,6.84618020931114,6.88837161099058
59,2013-03-01,11,7.242863448204414,6.902226014247417
60,2013-03-02,14,7.8879913873839875,6.916062055824957
61,2013-03-03,6,7.707780547233784,6.929879720671506
62,2013-03-04,5,7.449374975956182,6.943678993750322
63,2013-03-05,9,7.597323804104506,6.95745986003962
64,2013-03-06,5,7.349550135261315,6.971222304532553
65,2013-03-07,8,7.411590510735913,6.9849663122372325
66,2013-03-08,11,7.753806778231508,6.998691868176718
67,2013-03-09,11,8.063346929510004,7.0123989573890135
68,2013-03-10,11,8.343338256922502,7.0260875649270815
69,2013-03-12,9,8.405940197607933,7.03975767585883
70,2013-03-14,7,8.271919632119307,7.053409275267113
71,2013-03-15,7,8.150684988747741,7.067042348249744
72,2013-03-16,10,8.32694102981654,7.0806568799194745
73,2013-03-17,17,9.153501628222848,7.094252855404018
74,2013-03-18,7,8.94828156605902,7.1078302598460255
75,2013-03-19,2,8.28617654962356,7.121389078403106
76,2013-03-20,4,7.877766161928885,7.134929296247815
77,2013-03-21,5,7.603569825926762,7.1484508985676625
78,2013-03-22,2,7.069679174907678,7.161953870565102
79,2013-03-23,13,7.634679728203619,7.17543819745754
80,2013-03-24,15,8.336372627050448,7.188903864477331
81,2013-03-25,7,8.209060659716062,7.2023508568717824
82,2013-03-26,4,7.808088362372526,7.215779159903151
83,2013-03-27,9,7.921631779093409,7.229188758848637
84,2013-03-28,6,7.738578353532531,7.2425796390003985
85,2013-03-29,7,7.668223344130063,7.255951785665543
86,2013-03-30,11,7.985593418389491,7.269305184166119
87,2013-03-31,12,8.36798109424795,7.282639819839134
88,2013-04-01,10,8.523434726765903,7.295955678036545
89,2013-04-02,10,8.6640790312543,7.309252744125253
90,2013-04-03,4,8.219826613437286,7.322531003487112
91,2013-04-04,4,7.817893821965005,7.335790441518924
92,2013-04-05,9,7.930486652027473,7.349031043632445
93,2013-04-06,15,8.603834721918506,7.362252795254379
94,2013-04-07,14,9.117797409429992,7.375455681826375
95,2013-04-08,9,9.106577775353918,7.3886396888050365
96,2013-04-09,8,9.00118233446007,7.401804801661923
97,2013-04-10,10,9.096313609387334,7.414951005883527
98,2013-04-11,8,8.991897046543718,7.428078286971306
99,2013-04-12,5,8.611697456018128,7.4411866304416625
100,2013-04-13,10,8.743922699046083,7.4542760218259465
101,2013-04-14,10,8.863553981809712,7.46734644667046
102,2013-04-15,7,8.68606610885077,7.4803978905364525
103,2013-04-16,7,8.525483029520782,7.493430339000131
104,2013-04-17,4,8.094471642366813,7.506443777652639
105,2013-04-18,7,7.9902334025481,7.519438192100082
106,2013-04-19,7,7.895923130309012,7.532413567963512
107,2013-04-20,5,7.620114764620645,7.545369890878923
108,2013-04-22,5,7.370574980322353,7.5583071464972695
109,2013-04-23,4,7.049561967664187,7.571225320484452
110,2013-04-24,2,6.568643345319508,7.584124398521321
111,2013-04-25,6,6.514486025345464,7.59700436630367
112,2013-04-26,7,6.560726077915827,7.609865209542256
113,2013-04-27,9,6.7930407274500215,7.622706913962772
114,2013-04-28,7,6.812751352939992,7.635529465305872
115,2013-04-29,10,7.116301888759713,7.648332849327152
116,2013-04-30,3,6.724269578667281,7.661117051797162
117,2013-05-01,4,6.4648132021057965,7.673882058501398
118,2013-05-02,10,6.8015001609739185,7.686627855240313
119,2013-05-03,7,6.820405034650955,7.699354427829298
120,2013-05-04,10,7.123225444831452,7.712061762098704
121,2013-05-05,8,7.206728242989367,7.7247498438938305
122,2013-05-06,9,7.377516879812609,7.7374186590749225
123,2013-05-07,6,7.246324204964086,7.750068193517178
124,2013-05-08,12,7.699057078486053,7.762698433110746
125,2013-05-09,7,7.632479968333441,7.775309363760719
126,2013-05-10,7,7.5722435798798475,7.7879009713871445
127,2013-05-11,10,7.8034591750640265,7.8004732419250224
128,2013-05-12,9,7.917415755370772,7.813026161324296
129,2013-05-13,7,7.830042610362573,7.825559715549861
130,2013-05-14,13,8.322420605540557,7.838073890581565
131,2013-05-15,6,8.101237243275051,7.8505686724142
132,2013-05-16,9,8.186833852966165,7.8630440470575165
133,2013-05-17,9,8.264278376170608,7.8755000005362055
134,2013-05-18,9,8.334347207233304,7.887936518889914
135,2013-05-19,14,8.873933918960175,7.900353588173235
136,2013-05-20,4,8.409749166881964,7.912751194455716
137,2013-05-21,8,8.37072539339861,7.925129323821848
138,2013-05-22,9,8.430656368483803,7.937487962371078
139,2013-05-23,4,8.008688711987006,7.949827096217798
140,2013-05-24,7,7.91262304141575,7.962146711491351
141,2013-05-25,3,7.444753832422759,7.974446794336034
142,2013-05-26,6,7.307158136763582,7.986727330911085
143,2013-05-27,6,7.182666809864937,7.9989883073907055
144,2013-05-28,4,6.879555518182892,8.011229709964029
145,2013-05-29,5,6.700550141541909,8.023451524835155
146,2013-05-30,7,6.729069188537896,8.035653738223122
147,2013-05-31,3,6.373919597148526,8.047836336361925
148,2013-06-01,10,6.7192607153421084,8.0599993055005
149,2013-06-02,8,6.8412359260366,8.072142631902754
150,2013-06-03,12,7.332546938647009,8.08426630184751
151,2013-06-04,5,7.11039955043826,8.096370301628571
152,2013-06-05,9,7.290361542519187,8.108454617554676
153,2013-06-06,7,7.262708056092,8.120519235949514
154,2013-06-07,7,7.237688236161237,8.132564143151729
155,2013-06-08,12,7.69124182054957,8.14458932551491
156,2013-06-09,6,7.530171144282213,8.156594769407597
157,2013-06-10,6,7.384440537263213,8.168580461213283
158,2013-06-11,4,7.062112823323855,8.180546387330406
159,2013-06-12,9,7.246673529468162,8.192492534172354
160,2013-06-13,4,6.9374664923265685,8.204418888167469
161,2013-06-14,6,6.848183960277902,8.216325435759046
162,2013-06-15,7,6.8626426320419,8.228212163405312
163,2013-06-16,14,7.542391008703455,8.240079057579464
164,2013-06-17,7,7.4907347183165705,8.251926104769645
165,2013-06-18,4,7.158283770381166,8.263753291478935
166,2013-06-19,5,6.952732922586487,8.275560604225376
167,2013-06-20,3,6.576282147308298,8.287348029541954
168,2013-06-21,7,6.61663623052914,8.299115553976613
169,2013-06-22,8,6.748385166898473,8.310863164092236
170,2013-06-23,14,7.439015179192237,8.322590846466662
171,2013-06-24,6,7.301966109446192,8.334298587692679
172,2013-06-25,7,7.273207431395199,8.345986374378024
173,2013-06-26,8,7.342425773354777,8.357654193145382
174,2013-06-27,6,7.214575696205146,8.369302030632394
175,2013-06-28,6,7.098901817513628,8.380929873491642
176,2013-06-29,11,7.470434986068742,8.39253770839067
177,2013-06-30,11,7.8065840418239025,8.404125522011956
178,2013-07-01,7,7.729766512623264,8.415693301052938
179,2013-07-02,8,7.75550303565734,8.427241032226004
180,2013-07-03,11,8.064502751183008,8.438768702258493
181,2013-07-04,7,7.963121535408473,8.450276297892685
182,2013-07-05,11,8.252348059397834,8.461763805885813
183,2013-07-06,10,8.4187911032094,8.47323121301007
184,2013-07-07,9,8.47414433203166,8.484678506052585
185,2013-07-08,5,8.143273440257165,8.496105671815448
186,2013-07-09,8,8.129628350596569,8.507512697115686
187,2013-07-10,3,7.641092313568845,8.51889956878529
188,2013-07-11,10,7.865750189980512,8.530266273671186
189,2013-07-12,3,7.402345407157848,8.541612798635272
190,2013-07-13,12,7.840217275557528,8.552939130554368
191,2013-07-14,8,7.855434677961307,8.564245256320262
192,2013-07-15,8,7.869202803931907,8.575531162839694
193,2013-07-16,12,8.262612062307111,8.586796837034331
194,2013-07-17,10,8.428077580794078,8.598042265840824
195,2013-07-18,5,8.101594000579263,8.609267436210741
196,2013-07-19,7,7.996680285921018,8.620472335110627
197,2013-07-20,13,8.473186926661263,8.631656949521954
198,2013-07-21,6,8.237645314015026,8.64282126644116
199,2013-07-22,6,8.024536236012334,8.653965272879626
200,2013-07-23,6,7.8317232607631775,8.665088955863682
201,2013-07-24,8,7.847749616910362,8.676192302434611
202,2013-07-25,9,7.957487748815278,8.687275299648643
203,2013-07-26,8,7.961536534648472,8.698337934576957
204,2013-07-27,10,8.1556759125647,8.709380194305691
205,2013-07-28,5,7.855135349093953,8.720402065935923
206,2013-07-29,8,7.868931982528917,8.731403536583677
207,2013-07-30,5,7.595700364870336,8.742384593379937
208,2013-07-31,7,7.538966996735808,8.753345223470639
209,2013-08-01,7,7.487636806528222,8.764285414016655
210,2013-08-02,11,7.822147587108106,8.775205152193816
211,2013-08-03,10,8.029562102761442,8.786104425192907
212,2013-08-04,12,8.407699045586224,8.79698322021965
213,2013-08-05,6,8.178394374451475,8.80784152449473
214,2013-08-06,4,7.780452052876461,8.818679325253774
215,2013-08-07,7,7.706123285902269,8.829496609747356
216,2013-08-08,8,7.734111544399205,8.840293365241012
217,2013-08-09,5,7.473719968645849,8.851069579015215
218,2013-08-10,13,8.000032352760423,8.861825238365395
219,2013-08-11,13,8.476219747879764,8.872560330601932
220,2013-08-12,5,8.145151200371972,8.883274843050149
221,2013-08-13,9,8.226565371785293,8.893968763050324
222,2013-08-14,9,8.300225812584161,8.904642077957691
223,2013-08-15,7,8.176394782789123,8.915294775142419
224,2013-08-16,10,8.350071470174411,8.925926841989636
225,2013-08-17,7,8.221493234898357,8.936538265899422
226,2013-08-18,6,8.009922450590539,8.947129034286803
227,2013-08-19,8,8.008977455296073,8.957699134581755
228,2013-08-20,4,7.627170078554255,8.968248554229204
229,2013-08-21,5,7.376963404378393,8.978777280689021
230,2013-08-22,4,7.055347842024263,8.98928530143604
231,2013-08-23,8,7.145314714220621,8.999772603960029
232,2013-08-24,4,6.845760931889213,9.01023917576572
233,2013-08-25,12,7.336640843174457,9.020685004372783
234,2013-08-26,8,7.399817905733531,9.031110077315844
235,2013-08-27,4,7.07602572421534,9.041514382144475
236,2013-08-28,6,6.97354708380822,9.05189790642321
237,2013-08-29,13,7.5474949806170635,9.062260637731512
238,2013-08-30,9,7.6858287919931225,9.072602563663812
239,2013-09-01,13,8.191940335633522,9.08292367182948
240,2013-09-02,6,7.983184113184512,9.093223949852844
241,2013-09-03,6,7.794309435732044,9.10350338537317
242,2013-09-04,8,7.813899013281968,9.113761966044693
243,2013-09-05,4,7.450670535816586,9.123999679536574
244,2013-09-06,9,7.5982257228853305,9.13421651353294
245,2013-09-07,16,8.398394701676109,9.144412455732867
246,2013-09-08,12,8.741404730094871,9.154587493850377
247,2013-09-09,8,8.670794755798825,9.164741615614435
248,2013-09-10,7,8.511671445720102,9.174874808768973
249,2013-09-11,6,8.27246464136221,9.184987061072851
250,2013-09-12,8,8.24651562789879,9.195078360299906
251,2013-09-13,6,8.032561758572463,9.205148694238897
252,2013-09-14,16,8.791365400621629,9.215198050693546
253,2013-09-15,17,9.573140124379826,9.225226417482537
254,2013-09-16,9,9.51855535062887,9.235233782439472
255,2013-09-17,6,9.183454841042405,9.245220133412934
256,2013-09-18,6,8.880268665702774,9.255185458266439
257,2013-09-19,13,9.272624030876583,9.265129744878461
258,2013-09-20,7,9.056183646982257,9.275052981142416
259,2013-09-21,12,9.33654710917597,9.284955154966674
260,2013-09-22,9,9.304495003540005,9.29483625427456
261,2013-09-23,11,9.46597166987026,9.304696267004337
262,2013-09-24,7,9.23111722511975,9.314535181109225
263,2013-09-25,8,9.113867965584102,9.324352984557393
264,2013-09-26,7,8.912547206956368,9.334149665331967
265,2013-09-27,11,9.11135223486589,9.343925211431007
266,2013-09-28,13,9.481699641070156,9.353679610867534
267,2013-09-29,10,9.531061580015976,9.363412851669516
268,2013-09-30,7,9.29000809620439,9.373124921879873
269,2013-10-01,6,8.976673991803336,9.38281580955647
270,2013-10-02,3,8.407466944963879,9.392485502772127
271,2013-10-03,7,8.273422474014714,9.402133989614613
272,2013-10-04,14,8.818810809823656,9.41176125818664
273,2013-10-05,5,8.455114542220906,9.421367296605876
274,2013-10-06,15,9.078436966772069,9.430952093004944
275,2013-10-07,13,9.451919160413238,9.440515635531401
276,2013-10-08,5,9.027926859421074,9.45005791234777
277,2013-10-09,6,8.73955287280928,9.459578911631516
278,2013-10-10,7,8.573881170636831,9.469078621575056
279,2013-10-11,8,8.519225821052329,9.478557030385755
280,2013-10-12,13,8.945966219047632,9.488014126285927
281,2013-10-13,14,9.42730276961482,9.497449897512837
282,2013-10-14,8,9.29136917250857,9.506864332318703
283,2013-10-15,6,8.977905441793311,9.516257418970687
284,2013-10-16,7,8.789533494955768,9.52562914575091
285,2013-10-17,9,8.809577924007607,9.534979500956428
286,2013-10-18,5,8.44676097886389,9.544308472899264
287,2013-10-19,9,8.499450409448299,9.553616049906372
288,2013-10-20,11,8.737597989500914,9.562902220319675
289,2013-10-21,7,8.572112466691259,9.572166972496033
290,2013-10-22,8,8.5176255651016,9.58141029480726
291,2013-10-23,5,8.18261360652042,9.590632175640117
292,2013-10-24,3,7.689031358280281,9.599832603396324
293,2013-10-25,11,8.004361705110787,9.609011566492537
294,2013-10-26,7,7.908708209385935,9.618169053360372
295,2013-10-27,15,8.584069332301661,9.62730505244639
296,2013-10-28,7,8.433205586368151,9.636419552212107
297,2013-10-29,7,8.296709816237833,9.64551254113398
298,2013-10-30,11,8.55416602421521,9.654584007703424
299,2013-10-31,6,8.31091211714707,9.6636339404268
300,2013-11-01,14,8.852730010752161,9.67266232782542
301,2013-11-02,9,8.86675572401386,9.681669158435547
302,2013-11-03,17,9.64135041696498,9.690654420808391
303,2013-11-04,8,9.485031329634971,9.69961810351011
304,2013-11-05,8,9.343599774431633,9.708560195121816
305,2013-11-06,6,9.02516170067622,9.717480684239575
306,2013-11-07,7,8.832289157754666,9.726379559474394
307,2013-11-08,8,8.753023523682787,9.735256809452226
308,2013-11-09,10,8.871783188093957,9.74411242281399
309,2013-11-10,16,9.550660979704082,9.752946388215543
310,2013-11-11,4,9.022026600684628,9.761758694327696
311,2013-11-12,6,8.73421454347656,9.770549329836207
312,2013-11-13,9,8.759527444097841,9.779318283441787
313,2013-11-14,12,9.068143877993293,9.788065543860087
314,2013-11-15,12,9.347368270565367,9.796791099821727
315,2013-11-16,10,9.40952367336867,9.805494940072258
316,2013-11-17,12,9.656235704476416,9.814177053372193
317,2013-11-18,8,9.498498970716755,9.822837428496987
318,2013-11-19,9,9.451022878267544,9.83147605423705
319,2013-11-20,14,9.884258794623019,9.840092919397737
320,2013-11-21,10,9.895281766563686,9.848688012799355
321,2013-11-22,10,9.905254931652859,9.857261323277172
322,2013-11-23,7,9.628563985781156,9.86581283968138
323,2013-11-24,11,9.759176939516284,9.874342550877145
324,2013-11-25,9,9.686874373848068,9.88285044574457
325,2013-11-26,13,10.0024101477673,9.891336513178716
326,2013-11-27,18,10.764085371789466,9.899800742089583
327,2013-11-28,10,10.691315336380946,9.908243121402133
328,2013-11-29,11,10.720713875773237,9.916663640056267
329,2013-11-30,13,10.937788744747213,9.925062287006844
330,2013-12-01,10,10.848475530961764,9.933439051223674
331,2013-12-02,9,10.672430242298738,9.941793921691502
332,2013-12-03,9,10.513151171603619,9.950126887410038
333,2013-12-04,4,9.892851060022322,9.958437937393944
334,2013-12-05,12,10.093531911448766,9.966727060672813
335,2013-12-06,14,10.46557649131079,9.9749942462912
336,2013-12-07,16,10.992664444519287,9.983239483308619
337,2013-12-08,10,10.898124973612688,9.99146276079952
338,2013-12-09,5,10.336398785649573,9.999664067853304
339,2013-12-10,7,10.018646520349613,10.00784339357433
340,2013-12-11,6,9.635918280316316,10.016000727081897
341,2013-12-12,14,10.05154511076238,10.024136057510255
342,2013-12-13,15,10.522826528785012,10.032249374008618
343,2013-12-14,19,11.33017638318644,10.040340665741132
344,2013-12-15,9,11.108254822882971,10.048409921886892
345,2013-12-16,9,10.907468649275069,10.056457131639966
346,2013-12-17,7,10.535328777915538,10.064482284209351
347,2013-12-18,10,10.484345084780724,10.072485368818995
348,2013-12-19,13,10.72393126718256,10.080466374707806
349,2013-12-20,13,10.94069971792708,10.088425291129628
350,2013-12-22,8,10.660633078124498,10.096362107353269
351,2013-12-23,7,10.312001356398357,10.104276812662476
352,2013-12-24,12,10.472763131979463,10.112169396355954
353,2013-12-25,11,10.52297616702904,10.12003984774735
354,2013-12-26,14,10.854121293978656,10.12788815616527
355,2013-12-27,15,11.248966885028308,10.135714310953258
356,2013-12-28,8,10.939541467406563,10.143518301469818
357,2013-12-29,16,11.421489899082127,10.1513001170884
358,2013-12-30,13,11.57182419440764,10.159059747197409
359,2013-12-31,15,11.89831712827358,10.16679718120018
360,2014-01-02,8,11.527048830342762,10.174512408515028
361,2014-01-03,6,11.000663227452977,10.182205418575194
362,2014-01-04,14,11.286314348647931,10.18987620082888
363,2014-01-05,14,11.544760601157652,10.197524744739237
364,2014-01-06,12,11.588116734380732,10.205151039784358
365,2014-01-07,12,11.627343712058758,10.212755075457297
366,2014-01-09,13,11.758072882338874,10.220336841266047
367,2014-01-10,9,11.495399274497078,10.22789632673356
368,2014-01-11,11,11.448218391211643,10.235433521397733
369,2014-01-12,13,11.596007115858152,10.242948414811412
370,2014-01-13,11,11.539244533395472,10.2504409965424
371,2014-01-14,7,11.106935530214953,10.257911256173438
372,2014-01-15,9,10.906275003527815,10.265359183302225
373,2014-01-16,12,11.010439288906117,10.27278476754141
374,2014-01-17,10,10.914206975676963,10.280187998518587
375,2014-01-18,18,11.589044406564872,10.287568865876304
376,2014-01-19,9,11.342468748796787,10.294927359272057
377,2014-01-20,7,10.928900296530427,10.302263468378294
378,2014-01-21,6,10.459481220670384,10.309577182882409
379,2014-01-22,11,10.510959199654158,10.31686849248674
380,2014-01-23,6,10.081344037782332,10.324137386908596
381,2014-01-24,10,10.073596986564967,10.331383855880217
382,2014-01-25,14,10.447540130701638,10.338607889148797
383,2014-01-26,11,10.500155356349099,10.345809476476482
384,2014-01-27,10,10.452521512887284,10.352988607640363
385,2014-01-28,15,10.885614702136113,10.360145272432494
386,2014-01-29,7,10.515556159075533,10.367279460659859
387,2014-01-30,15,10.942646048687381,10.374391162144406
388,2014-01-31,12,11.043346425002873,10.381480366723027
389,2014-02-01,12,11.134456289288313,10.388547064247572
390,2014-02-02,9,10.93117473792752,10.395591244584828
391,2014-02-03,11,10.937729524791568,10.402612897616539
392,2014-02-04,10,10.848421951001892,10.4096120132394
393,2014-02-05,10,10.767619860430283,10.416588581365056
394,2014-02-06,6,10.31356082610359,10.423542591920096
395,2014-02-07,15,10.759888366474677,10.430474034846062
396,2014-02-08,15,11.163708522048518,10.437382900099447
397,2014-02-09,17,11.719545805662944,10.444269177651694
398,2014-02-10,13,11.841493824171238,10.451132857489199
399,2014-02-11,6,11.285161079012072,10.457973929613301
400,2014-02-12,11,11.25800288101092,10.464792384040283
401,2014-02-13,6,10.757240701867023,10.471588210801396
402,2014-02-14,11,10.780360635022546,10.47836139994283
403,2014-02-15,12,10.896516765020401,10.485111941525725
404,2014-02-16,11,10.906372311208932,10.491839825626164
405,2014-02-17,9,10.72481304347475,10.498545042335202
406,2014-02-18,6,10.274830848858107,10.50522758175882
407,2014-02-19,14,10.629608863252573,10.511887434017957
408,2014-02-20,13,10.855360400085662,10.518524589248509
409,2014-02-21,4,10.202468933410836,10.52513903760131
410,2014-02-22,16,10.75461474927647,10.531730769242152
411,2014-02-23,14,11.063699058869188,10.538299774351774
412,2014-02-24,10,10.962394386595932,10.544846043125863
413,2014-02-25,13,11.156452064062986,10.551369565775063
414,2014-02-26,10,11.046313772247462,10.557870332524962
415,2014-02-27,10,10.946664841557231,10.564348333616092
416,2014-02-28,10,10.856506285218446,10.570803559303947
417,2014-03-02,14,11.155886639007166,10.577235999858962
418,2014-03-03,18,11.807706959101722,10.583645645566527
419,2014-03-04,6,11.254592010615845,10.59003248672698
420,2014-03-05,6,10.754154676271476,10.596396513655607
421,2014-03-06,6,10.301378040436097,10.602737716682649
422,2014-03-07,13,10.558389655632661,10.609056086153283
423,2014-03-08,13,10.790923974143832,10.615351612427657
424,2014-03-09,11,10.810835976606326,10.621624285880852
425,2014-03-10,7,10.447899216929533,10.627874096902904
426,2014-03-11,8,10.214765958174338,10.634101035898805
427,2014-03-12,4,9.622883485967256,10.640305093288482
428,2014-03-13,13,9.944513630160852,10.64648625950683
429,2014-03-14,10,9.94979804633601,10.652644525003675
430,2014-03-15,15,10.430769660970675,10.658779880243817
431,2014-03-16,18,11.151648740878231,10.664892315706977
432,2014-03-17,4,10.470539336985068,10.670981821887844
433,2014-03-18,10,10.425726066796015,10.677048389296058
434,2014-03-19,8,10.194704536624966,10.683092008456196
435,2014-03-20,7,9.890446961708305,10.689112669907797
436,2014-03-21,15,10.377071060593227,10.695110364205346
437,2014-03-22,19,11.198302388155778,10.701085081918276
438,2014-03-23,14,11.465130732140944,10.707036813630967
439,2014-03-24,3,10.658927805270377,10.712965549942762
440,2014-03-25,7,10.310458490482722,10.718871281467932
441,2014-03-26,7,9.995176729484367,10.724753998835721
442,2014-03-27,13,10.281350374295382,10.730613692690305
443,2014-03-28,9,10.159317005314868,10.73645035369082
444,2014-03-29,11,10.239382052427736,10.74226397251135
445,2014-03-30,17,10.883250428387,10.748054539840926
446,2014-03-31,8,10.608655149493,10.75382204638353
447,2014-04-01,6,10.169735611446047,10.759566482858087
448,2014-04-02,7,9.867856029403566,10.765287839998493
449,2014-04-03,5,9.404250693269892,10.770986108553572
450,2014-04-04,13,9.746703008196569,10.776661279287104
451,2014-04-06,10,9.770826531225467,10.782313342977822
452,2014-04-07,15,10.268843052061136,10.787942290419409
453,2014-04-08,10,10.24323895186484,10.79354811242049
454,2014-04-09,7,9.934359051687236,10.799130799804653
455,2014-04-10,11,10.03584866581226,10.804690343410423
456,2014-04-11,8,9.841958316687284,10.810226734091284
457,2014-04-12,15,10.333200381764684,10.815739962715659
458,2014-04-13,14,10.682419393025194,10.821230020166938
459,2014-04-14,15,11.093617546070412,10.826696897343448
460,2014-04-15,11,11.084701589301801,10.832140585158463
461,2014-04-16,8,10.790920485558775,10.837561074540217
462,2014-04-17,4,10.144166153600793,10.842958356431883
463,2014-04-18,14,10.511388424686432,10.848332421791598
464,2014-04-19,16,11.034113336621056,10.853683261592435
465,2014-04-20,10,10.935626352180957,10.859010866822423
466,2014-04-21,15,11.322709556735154,10.864315228484546
467,2014-04-22,14,11.577689598950851,10.869596337596724
468,2014-04-23,8,11.236957256193627,10.874854185191838
469,2014-04-24,11,11.214389898460901,10.880088762317717
470,2014-04-25,5,10.622543241464623,10.88530006003714
471,2014-04-26,9,10.46801531370609,10.890488069427828
472,2014-04-27,9,10.328204331448367,10.895652781582461
473,2014-04-28,16,10.868375347500903,10.900794187608666
474,2014-04-30,6,10.404720552500816,10.905912278629025
475,2014-05-01,15,10.842366214167406,10.911007045781052
476,2014-05-02,13,11.047855146151464,10.916078480217235
477,2014-05-03,16,11.519487989375133,10.921126573104992
478,2014-05-05,11,11.470012942767978,10.926151315626708
479,2014-05-06,13,11.615725995837696,10.931152698979698
480,2014-05-07,7,11.176133043853149,10.936130714376244
481,2014-05-08,14,11.445072753962377,10.941085353043569
482,2014-05-10,18,12.06935153929929,10.94601660622385
483,2014-05-12,13,12.157984726032689,10.95092446517421
484,2014-05-13,12,12.142938561648624,10.955808921166724
485,2014-05-14,9,11.843611079586852,10.960669965488412
486,2014-05-15,13,11.953743357721438,10.965507589441259
487,2014-05-16,14,12.148624942700348,10.970321784342179
488,2014-05-17,11,12.0392320910146,10.975112541523046
489,2014-05-18,12,12.035495701394165,10.979879852330694
490,2014-05-19,9,11.746400872689955,10.984623708126886
491,2014-05-20,11,11.67531507529091,10.989344100288351
492,2014-05-21,12,11.70623744907273,10.994041020206756
493,2014-05-22,15,12.019929120589616,10.998714459288726
494,2014-05-23,7,11.541840632914411,11.00336440895584
495,2014-05-24,15,11.871189144065424,11.007990860644613
496,2014-05-25,16,12.264409225583005,11.012593805806516
497,2014-05-26,9,11.953513108860813,11.01717323590798
498,2014-05-27,13,12.053178527064546,11.021729142430367
499,2014-05-28,8,11.667161524486966,11.026261516870003
500,2014-05-29,8,11.317908045964401,11.03077035073816
501,2014-05-30,9,11.097154898729697,11.035255635561061
502,2014-05-31,11,11.087902051231627,11.03971736287987
503,2014-06-01,17,11.650958998733378,11.044155524250717
504,2014-06-02,8,11.303248617901628,11.048570111244665
505,2014-06-03,7,10.893415416196712,11.052961115447737
506,2014-06-04,6,10.427375852749403,11.057328528460904
507,2014-06-05,8,10.196197200106605,11.06167234190008
508,2014-06-06,15,10.65370222866788,11.065992547396148
509,2014-06-07,16,11.162873444985225,11.070289136594914
510,2014-06-08,14,11.433075974034253,11.074562101157158
511,2014-06-09,7,11.010878262221468,11.078811432758588
512,2014-06-10,11,11.009842237247991,11.08303712308988
513,2014-06-11,9,10.81842869084342,11.087239163856657
514,2014-06-12,16,11.311911672667856,11.091417546779478
515,2014-06-13,15,11.663158180032823,11.09557226359387
516,2014-06-14,16,12.076190734315407,11.099703306050289
517,2014-06-16,6,11.497505902475845,11.103810665914168
518,2014-06-17,10,11.354886292716241,11.107894334965868
519,2014-06-18,7,10.940135217219458,11.111954305000703
520,2014-06-19,12,11.041074720341413,11.115990567828943
521,2014-06-20,15,11.418115223166039,11.120003115275807
522,2014-06-21,13,11.568770916197845,11.123991939181463
523,2014-06-22,14,11.800316543226618,11.127957031401024
524,2014-06-23,9,11.533619729585993,11.131898383804558
525,2014-06-24,9,11.292322612482565,11.135815988277075
526,2014-06-25,10,11.169244268436604,11.139709836718557
527,2014-06-26,6,10.67693529049026,11.143579921043909
528,2014-06-27,8,10.421989072348332,11.147426233182996
529,2014-06-28,11,10.477037732124682,11.151248765080632
530,2014-06-29,11,10.52684366239852,11.155047508696592
531,2014-06-30,12,10.667144265979614,11.158822456005586
532,2014-07-01,8,10.413130526362508,11.162573598997273
533,2014-07-02,7,10.088070476232744,11.166300929676275
534,2014-07-03,15,10.555873288020102,11.170004440062158
535,2014-07-04,12,10.693409165351524,11.173684122189432
536,2014-07-05,13,10.91308448293709,11.17733996810756
537,2014-07-06,7,10.540409770276417,11.180971969880957
538,2014-07-07,8,10.298465982631043,11.18458011958899
539,2014-07-08,6,9.889088269999515,11.188164409325971
540,2014-07-09,10,9.899651291904325,11.19172483120116
541,2014-07-10,7,9.623494026008672,11.195261377338774
542,2014-07-11,12,9.84982792829356,11.198774039877977
543,2014-07-12,17,10.530796697027508,11.202262810972876
544,2014-07-13,13,10.76595891635822,11.20572768279254
545,2014-07-14,10,10.693010448133627,11.209168647520976
546,2014-07-15,4,10.055580881644712,11.212585697357149
547,2014-07-16,8,9.859811273869024,11.215978824514972
548,2014-07-17,11,9.968400676357687,11.219348021223302
549,2014-07-18,18,10.733314897656957,11.222693279725952
550,2014-07-19,8,10.472999193118195,11.22601459228169
551,2014-07-20,13,10.71366593663075,11.229311951164222
552,2014-07-21,12,10.836173942665916,11.232585348662202
553,2014-07-22,12,10.947014519554877,11.235834777079258
554,2014-07-23,8,10.666346470073462,11.239060228733935
555,2014-07-24,13,10.88859918720932,11.242261695959751
556,2014-07-25,14,11.184923074141768,11.245439171105161
557,2014-07-27,17,11.738739924223507,11.248592646533579
558,2014-07-28,15,12.049336121916506,11.251722114623368
559,2014-07-29,11,11.949399348400648,11.254827567767824
560,2014-07-30,12,11.954218458076776,11.25790899837522
561,2014-07-31,6,11.387150033498035,11.260966398868758
562,2014-08-01,18,12.016945268402985,11.263999761686607
563,2014-08-02,13,12.11056952855508,11.26700907928186
564,2014-08-03,12,12.100039097264117,11.269994344122589
565,2014-08-04,13,12.185749659429442,11.27295554869179
566,2014-08-05,11,12.072821120436164,11.275892685487433
567,2014-08-06,10,11.875409585156527,11.27880574702242
568,2014-08-07,10,11.696799148474955,11.28169472582461
569,2014-08-08,10,11.535199229572575,11.284559614436807
570,2014-08-09,19,12.24613263627995,11.287400405416776
571,2014-08-10,14,12.41316762330091,11.29021709133722
572,2014-08-11,12,12.37381832584368,11.293009664785792
573,2014-08-12,10,12.147740390049044,11.295778118365106
574,2014-08-13,9,11.847955590996756,11.298522444692711
575,2014-08-14,8,11.481483629949446,11.301242636401119
576,2014-08-15,14,11.721342331859024,11.303938686137784
577,2014-08-18,14,11.938357347872447,11.306610586565109
578,2014-08-19,13,12.039466171884596,11.309258330360455
579,2014-08-20,10,11.845231298371775,11.311881910216124
580,2014-08-21,11,11.764733079479226,11.314481318839375
581,2014-08-22,10,11.596663262385967,11.317056548952413
582,2014-08-23,13,11.730314380253972,11.319607593292384
583,2014-08-24,14,11.94647491546788,11.322134444611404
584,2014-08-25,13,12.046810637804274,11.324637095676522
585,2014-08-26,7,11.566162005632437,11.327115539269741
586,2014-08-27,10,11.417003719381725,11.32956976818802
587,2014-08-28,10,11.282050984202517,11.331999775243258
588,2014-08-30,12,11.350427080945131,11.334405553262313
589,2014-08-31,16,11.793243549426546,11.336787095086985
590,2014-09-01,13,11.908172735195448,11.339144393574026
591,2014-09-02,11,11.821680093748267,11.341477441595142
592,2014-09-03,10,11.648186751486525,11.343786232036988
593,2014-09-04,7,11.205502298964,11.346070757801161
594,2014-09-05,13,11.376406841919811,11.348331011804222
595,2014-09-06,7,10.9596061903084,11.350566986977663
596,2014-09-07,12,11.058691315040932,11.352778676267945
597,2014-09-08,6,10.576911189798937,11.354966072636467
598,2014-09-09,7,10.236252981246656,11.357129169059572
599,2014-09-10,10,10.213752697318403,11.359267958528573
600,2014-09-11,11,10.288633392811887,11.361382434049721
601,2014-09-12,9,10.165906403020276,11.36347258864421
602,2014-09-13,16,10.721534364637394,11.365538415348196
603,2014-09-14,19,11.509959663243356,11.367579907212775
604,2014-09-15,10,11.366153981029706,11.369597057304006
605,2014-09-16,15,11.71223455426497,11.371589858702881
606,2014-09-17,11,11.644402691954019,11.37355830450535
607,2014-09-18,11,11.58303100700602,11.375502387822314
608,2014-09-19,13,11.717980434910206,11.377422101779633
609,2014-09-20,9,11.45912515539495,11.379317439518092
610,2014-09-21,11,11.415398950119243,11.381188394193448
611,2014-09-22,11,11.375837145345981,11.383034958976399
612,2014-09-23,12,11.435281226741605,11.384857127052591
613,2014-09-24,9,11.203349681337643,11.386654891622625
614,2014-09-25,9,10.99350685454358,11.388428245902052
615,2014-09-26,13,11.184601439825144,11.390177183121365
616,2014-09-28,16,11.643210826508465,11.391901696526014
617,2014-09-29,16,12.058143128745751,11.3936017793764
618,2014-09-30,15,12.338319973627113,11.395277424947867
619,2014-10-01,7,11.829908547567387,11.396928626530714
620,2014-10-02,11,11.750869638275256,11.398555377430188
621,2014-10-03,14,11.965072529868088,11.400157670966482
622,2014-10-04,14,12.158875146071127,11.401735500474752
623,2014-10-05,10,11.95326798930245,11.403288859305091
624,2014-10-06,9,11.672004371273644,11.404817740822535
625,2014-10-07,9,11.417527764485678,11.406322138407099
626,2014-10-08,12,11.473001310725136,11.407802045453712
627,2014-10-09,13,11.618429757322742,11.409257455372279
628,2014-10-10,14,11.845245970911051,11.410688361587644
629,2014-10-12,18,12.431413021300475,11.412094757539606
630,2014-10-13,12,12.390326066890905,11.413476636682901
631,2014-10-14,8,11.972199774806054,11.414833992487235
632,2014-10-15,5,11.308180748634049,11.416166818437242
633,2014-10-16,7,10.897877820192713,11.417475108032525
634,2014-10-17,12,11.002841837317217,11.418758854787624
635,2014-10-18,11,11.002571186144149,11.420018052232034
636,2014-10-19,16,11.478516787463755,11.421252693910205
637,2014-10-20,13,11.623419950562447,11.422462773381516
638,2014-10-21,8,11.278332336223162,11.423648284220329
639,2014-10-22,8,10.966110208963812,11.424809220015929
640,2014-10-23,8,10.68362352239583,11.425945574372552
641,2014-10-24,13,10.90423080597718,11.4270573409094
642,2014-10-25,11,10.913351681598401,11.428144513260614
643,2014-10-26,18,11.588270569065221,11.42920708507529
644,2014-10-27,12,11.627482895820913,11.430245050017465
645,2014-10-28,10,11.472484524790351,11.431258401766133
646,2014-10-29,6,10.951295522429366,11.432247134015233
647,2014-10-30,9,10.765457853626568,11.433211240473664
648,2014-10-31,15,11.168747581852609,11.434150714865265
649,2014-11-01,9,10.962200193104739,11.435065550928822
650,2014-11-02,10,10.870562079475718,11.435955742418082
651,2014-11-03,8,10.597175214763745,11.436821283101736
652,2014-11-04,10,10.540301384786245,11.437662166763413
653,2014-11-05,8,10.298367919568507,11.438478387201727
654,2014-11-06,7,9.984237641514364,11.4392699382302
655,2014-11-07,12,10.176215008989184,11.440036813677333
656,2014-11-08,16,10.730861198609263,11.440779007386553
657,2014-11-09,10,10.661255370170286,11.441496513216258
658,2014-11-10,9,10.503040573011212,11.442189325039788
659,2014-11-11,9,10.359893851772052,11.442857436745431
660,2014-11-12,9,10.230380151603283,11.443500842236428
661,2014-11-13,10,10.208439184783922,11.444119535430968
662,2014-11-14,13,10.474302119566406,11.444713510262186
663,2014-11-15,18,11.191035251036274,11.445282760678177
664,2014-11-16,14,11.458555703318535,11.445827280641966
665,2014-11-17,13,11.6053599220501,11.446347064131556
666,2014-11-18,5,10.976278024711995,11.446842105139885
667,2014-11-19,10,10.883299165215616,11.447312397674832
668,2014-11-20,11,10.894413530433175,11.447757935759235
669,2014-11-21,10,10.80923128943954,11.448178713430885
670,2014-11-22,10,10.732161642826249,11.448574724742524
671,2014-11-24,15,11.13862243874756,11.44894596376183
672,2014-11-25,8,10.839706016009698,11.449292424571444
673,2014-11-26,11,10.854972109723061,11.449614101268955
674,2014-11-27,13,11.059260480225623,11.44991098796689
675,2014-11-28,11,11.05361662496604,11.45018307879275
676,2014-11-29,6,10.572319803540703,11.450430367888956
677,2014-11-30,11,10.613051250822544,11.4506528494129
678,2014-12-01,10,10.55466541741087,11.450850517536919
679,2014-12-02,13,10.7875544252765,11.451023366448304
680,2014-12-03,5,10.23635876572636,11.451171390349279
681,2014-12-04,12,10.404324597561946,11.451294583457036
682,2014-12-05,14,10.746769873984618,11.451392940003705
683,2014-12-06,12,10.866125124081321,11.451466454236375
684,2014-12-07,14,11.16458939797834,11.451515120417078
685,2014-12-08,10,11.053676121980402,11.4515389328228
686,2014-12-09,6,10.572373634172743,11.451537885745473
687,2014-12-10,11,10.613099954727721,11.45151197349198
688,2014-12-11,8,10.364233292372699,11.451461190384158
689,2014-12-12,16,10.900972978813396,11.451385530758786
690,2014-12-13,18,11.577070790354973,11.451284988967604
691,2014-12-15,10,11.426873572225931,11.451159559377288
692,2014-12-16,13,11.57669513677584,11.451009236369476
693,2014-12-17,9,11.331295599940047,11.450834014340751
694,2014-12-18,13,11.490219828517187,11.450633887702631
695,2014-12-19,15,11.824484606753645,11.450408850881624
696,2014-12-20,19,12.50786702515806,11.450158898319136
697,2014-12-21,17,12.935689213238245,11.449884024471569
698,2014-12-22,11,12.751337859596507,11.449584223810243
699,2014-12-23,7,12.203591396777792,11.449259490821445
700,2014-12-24,7,11.708011263751334,11.448909820006401
701,2014-12-25,9,11.450105429108353,11.448535205881292
702,2014-12-26,11,11.407238245383748,11.448135642977256
703,2014-12-27,15,11.749406031537676,11.447711125840366
704,2014-12-28,15,12.058986409486469,11.447261649031661
705,2014-12-29,12,12.053368656202045,11.446787207127109
706,2014-12-30,16,12.429238307992325,11.44628779471765
707,2014-12-31,16,12.769310850088294,11.445763406409155
708,2015-01-02,10,12.505566959603694,11.445214036822467
709,2015-01-03,4,11.69551296345096,11.444639680593355
710,2015-01-04,12,11.724511728836582,11.444040332372547
711,2015-01-05,11,11.655510611804528,11.443415986825727
712,2015-01-06,14,11.87879531544219,11.442766638633525
713,2015-01-07,16,12.271290999685792,11.442092282491515
714,2015-01-08,10,12.054977571144288,11.441392913110228
715,2015-01-09,14,12.240217802463881,11.440668525215138
716,2015-01-10,16,12.59829229746732,11.439919113546686
717,2015-01-11,15,12.827026364375195,11.439144672860227
718,2015-01-12,12,12.748261948720415,11.438345197926113
719,2015-01-13,12,12.676998905985133,11.437520683529598
720,2015-01-14,6,12.041094248272266,11.43667112447093
721,2015-01-15,12,12.037180510341575,11.435796515565276
722,2015-01-16,18,12.605068080785234,11.434896851642762
723,2015-01-17,9,12.261728263567596,11.433972127548465
724,2015-01-18,7,11.760611286084965,11.433022338142418
725,2015-01-19,13,11.878648306457826,11.432047478299591
726,2015-01-20,5,11.223538943938037,11.431047542909909
727,2015-01-21,4,10.535582854039175,11.430022526878247
728,2015-01-22,10,10.484574963178304,11.42897242512444
729,2015-01-23,11,10.533663061923225,11.42789723258325
730,2015-01-24,19,11.339980865549586,11.426796944204412
731,2015-01-25,14,11.593316021211528,11.4256715549526
732,2015-01-26,8,11.251095447762813,11.424521059807436
733,2015-01-27,13,11.417657786071114,11.423345453763487
734,2015-01-28,6,10.901690377873866,11.422144731830294
735,2015-01-29,14,11.19676748474302,11.420918889032318
736,2015-01-30,6,10.701837248100826,11.419667920408996
737,2015-01-31,18,11.396900367329321,11.418391821014685
738,2015-02-02,13,11.549576522821765,11.417090585918714
739,2015-02-03,17,12.068664473029216,11.415764210205364
740,2015-02-04,18,12.633553570835955,11.414412688973856
741,2015-02-05,14,12.763691325994436,11.413036017338353
742,2015-02-06,14,12.881435009233064,11.411634190427993
743,2015-02-10,7,12.321298341687058,11.410207203386836
744,2015-02-11,11,12.195460404383528,11.408755051373909
745,2015-02-12,17,12.653035603966053,11.407277729563186
746,2015-02-13,16,12.971794117874051,11.40577523314358
747,2015-02-14,15,13.164956582838428,11.404247557318973
748,2015-02-15,13,13.149246432091909,11.40269469730819
749,2015-02-16,7,12.563603914749825,11.401116648344992
750,2015-02-17,12,12.509927351440314,11.399513405678105
751,2015-02-18,14,12.651839032255525,11.397884964571192
752,2015-02-20,15,12.875473410135953,11.396231320302885
753,2015-02-21,15,13.077809275837287,11.394552468166747
754,2015-02-23,10,12.784684582900406,11.392848403471305
755,2015-02-26,15,12.995667003576555,11.391119121540024
756,2015-02-27,16,13.281793955616884,11.389364617711324
757,2015-02-28,16,13.540670721748615,11.387584887338575
758,2015-03-01,10,13.20346398634398,11.3857799257901
759,2015-03-02,13,13.18408646383503,11.383949728449164
760,2015-03-03,14,13.26179251489836,11.382094290713994
761,2015-03-04,13,13.236859894431849,11.38021360799775
762,2015-03-05,14,13.309539904485955,11.37830767572855
763,2015-03-06,12,13.18482181834444,11.376376489349465
764,2015-03-07,14,13.262457835644966,11.37442004431852
765,2015-03-08,16,13.523176137012111,11.372438336108672
766,2015-03-09,12,13.378111743010962,11.37043136020785
767,2015-03-10,6,12.675434434152772,11.368399112118912
768,2015-03-11,16,12.992059726138224,11.36634158735968
769,2015-03-12,15,13.183292133172676,11.364258781462928
770,2015-03-13,13,13.165835739537187,11.362150689976357
771,2015-03-14,15,13.340518050057455,11.360017308462643
772,2015-03-15,11,13.1176115690996,11.35785863249941
773,2015-03-16,8,12.630219991090113,11.355674657679213
774,2015-03-17,12,12.570199039557721,11.353465379609576
775,2015-03-18,18,13.08732294055222,11.351230793912956
776,2015-03-19,12,12.983768374785345,11.348970896226778
777,2015-03-20,11,12.794838053377216,11.3466856822034
778,2015-03-22,18,13.290567762579384,11.344375147510144
779,2015-03-23,12,13.167656547095635,11.342039287829278
780,2015-03-24,9,12.770736875943667,11.33967809885801
781,2015-03-25,11,12.602095268710938,11.337291576308507
782,2015-03-26,13,12.639990957405136,11.334879715907881
783,2015-03-27,9,12.29332515193798,11.332442513398199
784,2015-03-28,10,12.074913232705793,11.32997996453648
785,2015-03-29,13,12.163016734352858,11.327492065094681
786,2015-03-30,9,11.861777045366873,11.324978810859722
787,2015-03-31,8,11.493988755331932,11.322440197633462
788,2015-04-01,6,10.970751731014605,11.319876221232713
789,2015-04-02,14,11.25925156615607,11.31728687748924
790,2015-04-03,11,11.234560940807874,11.31467216224976
791,2015-04-04,10,11.11698370834998,11.312032071375933
792,2015-04-05,11,11.105842402792838,11.309366600744376
793,2015-04-06,13,11.286238364431615,11.306675746246643
794,2015-04-07,9,11.068501377342887,11.30395950378925
795,2015-04-08,10,10.966739341405473,11.30121786929366
796,2015-04-09,13,11.160383213652567,11.298450838696285
797,2015-04-10,9,10.954632431399943,11.295658407948485
798,2015-04-11,12,11.054191247457092,11.292840573016573
799,2015-04-12,13,11.239506366746893,11.289997329881814
800,2015-04-13,12,11.311934331818616,11.287128674540412
801,2015-04-14,10,11.18698820497875,11.284234603003528
802,2015-04-15,11,11.169179804504584,11.281315111297278
803,2015-04-16,12,11.248305537408907,11.27837019546272
804,2015-04-17,6,10.748466914798536,11.27539985155587
805,2015-04-18,13,10.962898637198675,11.272404075647678
806,2015-04-19,14,11.252146386036896,11.26938286382406
807,2015-04-20,12,11.32337053974767,11.26633621218587
808,2015-04-21,10,11.197335250247892,11.263264116848926
809,2015-04-22,12,11.273779512129044,11.260166573943977
810,2015-04-23,12,11.342943368116755,11.257043579616745
811,2015-04-24,7,10.929329714010398,11.253895130027876
812,2015-04-25,10,10.840822122199883,11.25072122135299
813,2015-04-26,12,10.951220015323708,11.247521849782636
814,2015-04-27,12,11.051103823388114,11.24429701152233
815,2015-04-28,8,10.760522506874961,11.24104670279252
816,2015-04-29,10,10.688091791934488,11.237770919828622
817,2015-04-30,13,10.908273526035963,11.234469658880997
818,2015-05-01,13,11.107485571175397,11.231142916214942
819,2015-05-02,16,11.573439326301552,11.227790688110723
820,2015-05-03,14,11.804540342844259,11.22441297086354
821,2015-05-04,9,11.537441262573378,11.221009760783556
822,2015-05-05,11,11.486256380423534,11.217581054195875
823,2015-05-06,13,11.630422439430815,11.214126847440554
824,2015-05-07,10,11.475144111865973,11.210647136872597
825,2015-05-08,16,11.906082767878738,11.207141918861964
826,2015-05-09,10,11.72455107569981,11.203611189793556
827,2015-05-10,16,12.131736687537925,11.200054946067233
828,2015-05-11,9,11.833476050629551,11.196473184097801
829,2015-05-12,10,11.658859283902926,11.192865900315011
830,2015-05-13,10,11.50087268543598,11.18923309116357
831,2015-05-14,6,10.976980048727789,11.185574753103136
832,2015-05-15,6,10.502981948848953,11.181890882608306
833,2015-05-16,15,10.93126938229191,11.178181476168639
834,2015-05-17,19,11.699719917311725,11.174446530288645
835,2015-05-18,13,11.823556115662992,11.170686041487768
836,2015-05-19,12,11.840360295123661,11.166900006300422
837,2015-05-20,9,11.569849790826169,11.163088421275948
838,2015-05-21,4,10.848911715509391,11.159251282978657
839,2015-05-22,8,10.577586790222783,11.155388587987805
840,2015-05-23,16,11.094007095915849,11.151500332897589
841,2015-05-24,14,11.370768324876249,11.147586514317167
842,2015-05-25,6,10.859266579649935,11.143647128870638
843,2015-05-26,8,10.586955476826132,11.139682173197057
844,2015-05-27,7,10.245340669509359,11.135691643950425
845,2015-05-28,6,9.841022510508466,11.13167553779969
846,2015-05-29,9,9.760925128555279,11.127633851428756
847,2015-05-30,18,10.545598925835732,11.123566581536483
848,2015-05-31,12,10.684113313851377,11.119473724836666
849,2015-06-01,6,10.238007283960767,11.115355278058054
850,2015-06-02,6,9.834387542631172,11.111211237944348
851,2015-06-03,12,10.04063634809487,11.107041601254203
852,2015-06-04,9,9.941528124466787,11.102846364761216
853,2015-06-05,14,10.328049255469953,11.098625525253944
854,2015-06-06,15,10.772996945425193,11.094379079535878
855,2015-06-08,12,10.88985437919422,11.090107024425473
856,2015-06-09,8,10.614630152604297,11.085809356756126
857,2015-06-10,10,10.556093947594364,11.081486073376189
858,2015-06-11,11,10.598370714490141,11.077137171148962
859,2015-06-12,14,10.922335408348221,11.072762646952695
860,2015-06-13,12,11.024970131362677,11.068362497680583
861,2015-06-15,11,11.022592023613848,11.063936720240784
862,2015-06-16,16,11.49663087850777,11.059485311556383
863,2015-06-17,15,11.83028508055465,11.055008268565434
864,2015-06-18,7,11.370257930025634,11.05050558822094
865,2015-06-19,16,11.811185746213667,11.045977267490844
866,2015-06-20,14,12.019644246574273,11.041423303358046
867,2015-06-21,13,12.113011461186247,11.036843692820394
868,2015-06-22,8,11.721296083930412,11.032238432890685
869,2015-06-23,7,11.271648837841802,11.027607520596662
870,2015-06-24,10,11.150539424714012,11.022950952981025
871,2015-06-25,8,10.850488050931725,11.018268727101429
872,2015-06-26,7,10.483774903223944,11.013560840030458
873,2015-06-27,11,10.532939198154997,11.008827288855665
874,2015-06-28,9,10.386944988806901,11.004068070679539
875,2015-06-29,2,9.588188323206245,10.999283182619536
876,2015-06-30,2,8.865503720996125,10.994472621808047
877,2015-07-01,6,8.59259860471078,10.989636385392421
878,2015-07-02,10,8.726636832833563,10.984774470534944
879,2015-07-03,18,9.609814277325604,10.979886874412873
880,2015-07-04,5,9.170784346151738,10.974973594218397
881,2015-07-05,17,9.916423932232522,10.970034627158663
882,2015-07-06,8,9.733907367258,10.965069970455762
883,2015-07-07,9,9.664011427519142,10.960079621346738
884,2015-07-08,6,9.315057958231604,10.955063577083587
885,2015-07-09,10,9.380290533638119,10.95002183493326
886,2015-07-10,13,9.725024768529726,10.94495439217764
887,2015-07-11,11,9.846450981050703,10.93986124611358
888,2015-07-12,15,10.337265173331591,10.934742394052858
889,2015-07-13,10,10.305144680633344,10.929597833322237
890,2015-07-14,13,10.561797568192071,10.924427561263402
891,2015-07-15,11,10.60353113312616,10.919231575232988
892,2015-07-16,9,10.45081388235224,10.914009872602598
893,2015-07-17,9,10.312641131652024,10.90876245075877
894,2015-07-18,15,10.75905626197088,10.903489307102994
895,2015-07-19,9,10.59152709416413,10.89819043905172
896,2015-07-20,9,10.439953085196118,10.89286584403633
897,2015-07-21,9,10.30281469612982,10.887515519503172
898,2015-07-22,8,10.083499010784124,10.882139462913532
899,2015-07-23,11,10.170784819280874,10.876737671743658
900,2015-07-24,9,10.059281503158882,10.871310143484736
901,2015-07-25,15,10.529826121905655,10.865856875642912
902,2015-07-26,12,10.669842681724166,10.860377865739267
903,2015-07-27,11,10.701286235845672,10.854873111309853
904,2015-07-28,5,10.158306594336562,10.849342609905653
905,2015-07-29,11,10.238467871066412,10.843786359092604
906,2015-07-30,9,10.120518550012466,10.838204356451604
907,2015-07-31,16,10.680469164296996,10.83259659957849
908,2015-08-01,10,10.615662577221093,10.826963086084046
909,2015-08-02,16,11.128456617485751,10.82130381359402
910,2015-08-03,11,11.11622265391568,10.815618779749098
911,2015-08-04,6,10.628963353542757,10.809907982204912
912,2015-08-05,10,10.56906208177678,10.80417141863206
913,2015-08-06,8,10.324389502559944,10.798409086716072
914,2015-08-07,8,10.103019073744711,10.792620984157438
915,2015-08-08,12,10.28368392386426,10.786807108671606
916,2015-08-09,15,10.732856883496236,10.780967457988954
917,2015-08-10,9,10.567822894591831,10.775102029854818
918,2015-08-11,8,10.323268333202137,10.769210822029493
919,2015-08-12,11,10.387718968135264,10.763293832288207
920,2015-08-13,2,9.58888859021762,10.75735105842116
921,2015-08-14,8,9.437565867339751,10.751382498233474
922,2015-08-15,6,9.110178641878822,10.745388149545242
923,2015-08-16,14,9.575875914080838,10.739368010191505
924,2015-08-17,8,9.425792493692187,10.733322078022244
925,2015-08-18,8,9.290002732388167,10.727250350902397
926,2015-08-19,5,8.881431043589295,10.721152826711846
927,2015-08-20,5,8.511770944199837,10.715029503345427
928,2015-08-21,11,8.74874513999033,10.708880378712934
929,2015-08-22,12,9.058388459991253,10.702705450739092
930,2015-08-24,14,9.529018130468275,10.696504717363592
931,2015-08-25,3,8.907206879947486,10.690278176541065
932,2015-08-26,12,9.201758605666774,10.684025826241092
933,2015-08-27,8,9.08730540512708,10.677747664448221
934,2015-08-28,12,9.364704890353076,10.671443689161922
935,2015-08-29,15,9.9013996627004,10.665113898396637
936,2015-08-30,9,9.815552075776553,10.658758290181744
937,2015-08-31,14,10.214070925702595,10.652376862561583
938,2015-09-01,5,9.71749274230235,10.645969613595431
939,2015-09-02,8,9.55392200494022,10.639536541357526
940,2015-09-03,9,9.501167528279248,10.633077643937053
941,2015-09-04,9,9.453437287490749,10.62659291943814
942,2015-09-05,14,9.886443260110676,10.620082365979863
943,2015-09-06,15,10.373448663909661,10.61354598169627
944,2015-09-07,8,10.147405934013502,10.60698376473633
945,2015-09-08,8,9.942891083155072,10.600395713263985
946,2015-09-09,8,9.757853837140305,10.593781825458104
947,2015-09-10,12,9.971391566936466,10.587142099512533
948,2015-09-11,7,9.688401893894898,10.580476533636043
949,2015-09-12,14,10.099030284952525,10.573785126052373
950,2015-09-13,7,9.803884543528477,10.567067875000195
951,2015-09-14,4,9.251133634621,10.560324778733145
952,2015-09-15,7,9.036739955133287,10.553555835519802
953,2015-09-16,9,9.03324091178726,10.546761043643704
954,2015-09-17,4,8.553884634474189,10.539940401403316
955,2015-09-18,7,8.40589562166712,10.53309390711208
956,2015-09-19,13,8.843429371984536,10.526221559098373
957,2015-09-20,13,9.239293241319345,10.519323355705524
958,2015-09-21,9,9.21650340881274,10.512399295291807
959,2015-09-22,7,9.00540784606867,10.50544937623046
960,2015-09-23,11,9.195369003585936,10.498473596909657
961,2015-09-24,8,9.081524336577752,10.491471955732527
962,2015-09-25,12,9.359474399760824,10.48444445111715
963,2015-09-26,10,9.42047683787884,10.477391081496553
964,2015-09-27,11,9.570907615223714,10.470311845318713
965,2015-09-28,9,9.516535461392882,10.463206741046562
966,2015-09-29,9,9.467341607926894,10.456075767157976
967,2015-09-30,6,9.137118597648142,10.44891892214578
968,2015-10-01,6,8.838345397872127,10.441736204517754
969,2015-10-02,17,9.61564583617002,10.434527612796623
970,2015-10-03,16,10.22367956605859,10.427293145520068
971,2015-10-04,12,10.392852940719678,10.420032801240707
972,2015-10-05,8,10.164962184460661,10.412746578526127
973,2015-10-06,10,10.149251500226313,10.405434475958852
974,2015-10-07,6,9.754084690680948,10.39809649213635
975,2015-10-08,5,9.301314720139905,10.390732625671056
976,2015-10-09,10,9.367856175364675,10.38334287519034
977,2015-10-10,13,9.713774634853754,10.375927239336534
978,2015-10-11,10,9.741034193439113,10.368485716766905
979,2015-10-12,15,10.241888079778244,10.361018306153683
980,2015-10-13,10,10.218851119799364,10.353525006184048
981,2015-10-14,9,10.102770060770851,10.346005815560114
982,2015-10-15,9,9.997744340697436,10.338460732998957
983,2015-10-16,9,9.902721070154822,10.330889757232608
984,2015-10-17,15,10.388176206330554,10.323292887008039
985,2015-10-18,15,10.827397520013358,10.315670121087175
986,2015-10-19,8,10.55812156572637,10.308021458246882
987,2015-10-20,9,10.409729035657193,10.300346897278995
988,2015-10-21,9,10.275469127499363,10.292646436990275
989,2015-10-22,11,10.344472067737517,10.284920076202454
990,2015-10-23,5,9.835474727952992,10.277167813752204
991,2015-10-24,17,10.517810468147943,10.269389648491144
992,2015-10-25,13,10.754209471181474,10.261585579285846
993,2015-10-26,6,10.301427616783238,10.25375560501784
994,2015-10-27,6,9.891767843756263,10.245899724583591
995,2015-10-28,4,9.330647096731855,10.238017936894519
996,2015-10-29,5,8.918204516090725,10.230110240877003
997,2015-10-30,11,9.116470752653514,10.222176635472364
998,2015-10-31,16,9.772044966686511,10.214217119636864
999,2015-11-01,11,9.888993065097322,10.206231692341733
1000,2015-11-02,4,9.3281365827071,10.198220352573138
1001,2015-11-03,7,9.106409289115948,10.190183099332202
1002,2015-11-04,4,8.62008459491443,10.182119931634992
1003,2015-11-05,11,8.84674320492258,10.174030848512533
1004,2015-11-06,10,8.956577185406143,10.165915849010792
1005,2015-11-07,14,9.436903167748415,10.157774932190694
1006,2015-11-08,8,9.300055247010473,10.149608097128102
1007,2015-11-09,14,9.747669033009474,10.141415342913831
1008,2015-11-10,5,9.295510077484762,10.13319666865366
1009,2015-11-11,3,8.69593768915288,10.124952073468313
1010,2015-11-12,12,9.010610290185939,10.11668155649344
1011,2015-11-13,13,9.390552167311087,10.108385116879678
1012,2015-11-14,11,9.543832913281461,10.100062753792583
1013,2015-11-15,5,9.111086921540368,10.091714466412686
1014,2015-11-16,6,8.814792929012713,10.08334025393544
1015,2015-11-17,4,8.356241221487691,10.07494011557127
1016,2015-11-18,5,8.036599200393626,10.066514050545546
1017,2015-11-19,8,8.033113562260901,10.058062058098589
1018,2015-11-20,8,8.029959889664624,10.049584137485656
1019,2015-11-21,13,8.503297043029898,10.041080287976968
1020,2015-11-22,14,9.026792562741335,10.032550508857694
1021,2015-11-23,9,9.024240890099305,10.023994799427946
1022,2015-11-24,6,8.736217948185084,10.015413159002797
1023,2015-11-25,8,8.666101953119838,10.00680558691226
1024,2015-11-26,11,8.888377957584618,9.998172082501302
1025,2015-11-27,3,8.327580056862272,9.989512645129835
1026,2015-11-28,6,8.105905765732533,9.980827274172727
1027,2015-11-29,13,8.572009978519912,9.9721159690198
1028,2015-11-30,8,8.517532837708492,9.963378729075812
1029,2015-12-01,6,8.277767805545777,9.954615553760476
1030,2015-12-02,4,7.870361347874754,9.945826442508462
1031,2015-12-03,9,7.977945981410491,9.937011394769382
1032,2015-12-04,16,8.741951126038062,9.928170410007802
1033,2015-12-05,18,9.623670066415393,9.919303487703237
1034,2015-12-06,8,9.469034821994876,9.910410627350148
1035,2015-12-07,11,9.614841029423935,9.90149182845795
1036,2015-12-08,7,9.36580855043118,9.892547090551007
1037,2015-12-09,15,9.902398212294877,9.883576413168637
1038,2015-12-10,8,9.721217430171556,9.874579795865095
1039,2015-12-11,12,9.93824434158379,9.865557238209595
1040,2015-12-12,17,10.610792499528193,9.856508739786307
1041,2015-12-13,13,10.838336071001693,9.84743430019434
1042,2015-12-14,8,10.568018349953917,9.838333919047756
1043,2015-12-15,10,10.51392136424402,9.829207595975564
1044,2015-12-16,10,10.464976472411255,9.820055330621734
1045,2015-12-17,12,10.611169189324471,9.810877122645163
1046,2015-12-18,11,10.648200695103093,9.801672971719736
1047,2015-12-19,16,11.157895866998038,9.792442877534242
1048,2015-12-20,16,11.619048641569652,9.783186839792457
1049,2015-12-21,9,11.369615437610635,9.773904858213081
1050,2015-12-22,7,10.953461586409624,9.764596932529788
1051,2015-12-23,9,10.767417625799183,9.75526306249117
1052,2015-12-24,12,10.884806423342118,9.745903247860802
1053,2015-12-25,9,10.705301049690489,9.736517488417194
1054,2015-12-26,9,10.542891425910444,9.727105783953805
1055,2015-12-27,7,10.205473194871352,9.717668134279036
1056,2015-12-28,11,10.281142414407414,9.708204539216254
1057,2015-12-29,8,10.06389075589242,9.698714998603768
1058,2015-12-30,11,10.153044017236,9.689199512294838
1059,2015-12-31,19,10.995611253689717,9.67965808015767
1060,2016-01-01,18,11.662695896195455,9.670090702075427
1061,2016-01-02,12,11.694820096557796,9.660497377946214
1062,2016-01-03,10,11.533408658790385,9.650878107683093
1063,2016-01-04,10,11.387369738905585,9.641232891214068
1064,2016-01-05,10,11.255239287581244,9.631561728482094
1065,2016-01-06,14,11.516645069716365,9.621864619445088
1066,2016-01-07,5,10.896012205933852,9.612141564075904
1067,2016-01-08,15,11.286868186321106,9.602392562362349
1068,2016-01-09,13,11.450023597147664,9.592617614307176
1069,2016-01-10,12,11.502402302181222,9.5828167199281
1070,2016-01-11,10,11.359316368640153,9.572989879257767
1071,2016-01-12,9,11.134619571626803,9.563137092343796
1072,2016-01-13,7,10.740846279090919,9.55325835924874
1073,2016-01-14,8,10.479813300129877,9.5433536800501
1074,2016-01-15,6,10.053164414403225,9.533423054840338
1075,2016-01-16,13,10.3338154225553,9.523466483726851
1076,2016-01-17,16,10.873452048978603,9.513483966832002
1077,2016-01-18,7,10.504551853837784,9.503475504293096
1078,2016-01-19,7,10.170785010615136,9.493441096262387
1079,2016-01-20,12,10.344995961985124,9.48338074290708
1080,2016-01-21,10,10.312139203700823,9.473294444409332
1081,2016-01-22,10,10.282411660491224,9.463182200966244
1082,2016-01-23,15,10.731705788063488,9.453044012789867
1083,2016-01-24,11,10.757257617771726,9.442879880107217
1084,2016-01-25,10,10.685137844650614,9.432689803160235
1085,2016-01-26,11,10.715124716588651,9.422473782205838
1086,2016-01-27,8,10.456541410246873,9.412231817515869
1087,2016-01-28,12,10.603537466413837,9.401963909377136
1088,2016-01-29,12,10.736533898183948,9.391670058091387
1089,2016-01-30,10,10.666387812642617,9.381350263975332
1090,2016-01-31,17,11.26958897334332,9.371004527360624
1091,2016-02-01,8,10.958199547310624,9.360632848593855
1092,2016-02-02,10,10.866942447566755,9.350235228036592
1093,2016-02-03,5,10.308186023988966,9.339811666065328
1094,2016-02-04,6,9.897882593132877,9.329362163071519
1095,2016-02-05,4,9.336179489024985,9.318886719461556
1096,2016-02-06,12,9.589876680546414,9.308385335656805
1097,2016-02-07,9,9.533697949065804,9.297858012093565
1098,2016-02-08,10,9.578107668202394,9.287304749223082
1099,2016-02-09,9,9.523049795040262,9.27672554751156
1100,2016-02-10,8,9.377997433607856,9.266120407440145
1101,2016-02-11,12,9.62771196374044,9.25548932950494
1102,2016-02-12,11,9.758406062431826,9.244832314217003
1103,2016-02-13,19,10.638557866009748,9.234149362102324
1104,2016-02-14,18,11.33964759305644,9.22344047370186
1105,2016-02-15,6,10.831109727051064,9.212705649571504
1106,2016-02-16,8,10.561480229236675,9.201944890282114
1107,2016-02-17,6,10.127053540737943,9.191158196419476
1108,2016-02-18,10,10.114953203524806,9.180345568584354
1109,2016-02-19,9,10.00876718414149,9.169507007392443
1110,2016-02-20,18,10.769836976128015,9.158642513474387
1111,2016-02-21,11,10.791757264115825,9.147752087475787
1112,2016-02-22,15,11.192542286580982,9.136835730057193
1113,2016-02-23,8,10.888490640239935,9.125893441894096
1114,2016-02-24,6,10.422920103074226,9.114925223676957
1115,2016-02-25,14,10.76359437897192,9.103931076111165
1116,2016-02-26,10,10.690871104784117,9.092910999917066
1117,2016-02-27,16,11.196502428138013,9.081864995829962
1118,2016-02-28,15,11.558740292124867,9.0707930646001
1119,2016-02-29,14,11.791241216684403,9.059695206992677
1120,2016-03-01,7,11.334932529381128,9.04857142378783
1121,2016-03-02,4,10.636367526582925,9.037421715780669
1122,2016-03-03,11,10.670999190717882,9.026246083781238
1123,2016-03-04,7,10.321380220173324,9.015044528614528
1124,2016-03-05,14,10.671724961109195,9.003817051120484
1125,2016-03-06,15,11.08394163147975,8.992563652154011
1126,2016-03-07,7,10.69499480943406,8.981284332584945
1127,2016-03-08,6,10.247852446630814,8.969979093298086
1128,2016-03-09,8,10.033771261237405,8.95864793519318
1129,2016-03-10,5,9.554364474452887,8.947290859184918
1130,2016-03-11,9,9.501567857838328,8.93590786620295
1131,2016-03-12,10,9.54903758566325,8.924498957191863
1132,2016-03-13,7,9.306272101314367,8.913064133111208
1133,2016-03-14,6,8.99138904404633,8.901603394935476
1134,2016-03-15,10,9.087447230327632,8.890116743654115
1135,2016-03-16,10,9.174357017915476,8.878604180271513
1136,2016-03-17,10,9.252989682875908,8.867065705807017
1137,2016-03-18,9,9.228895427363916,8.85550132129492
1138,2016-03-19,14,9.683286339043544,8.843911027784461
1139,2016-03-20,11,9.808687640087015,8.83229482633984
1140,2016-03-21,8,9.636431674364443,8.820652718040197
1141,2016-03-22,9,9.575819133948782,8.808984703979624
1142,2016-03-23,12,9.806693502144137,8.797290785267164
1143,2016-03-24,5,9.348913168606597,8.785570963026807
1144,2016-03-25,6,9.029969057310733,8.773825238397501
1145,2016-03-26,8,8.931876766138279,8.762053612533123
1146,2016-03-27,13,9.319317074125113,8.75025608660253
1147,2016-03-28,4,8.812715448017958,8.73843266178951
1148,2016-03-29,7,8.640075881540056,8.726583339292803
1149,2016-03-30,5,8.293401988060051,8.714708120326097
1150,2016-03-31,14,8.836887513006713,8.702807006118036
1151,2016-04-01,6,8.566707749863216,8.690879997912202
1152,2016-04-02,9,8.607973678447669,8.67892709696715
1153,2016-04-03,12,8.931023804309797,8.666948304556364
1154,2016-04-04,8,8.842354870566009,8.654943621968282
1155,2016-04-05,10,8.952606787654961,8.642913050506293
1156,2016-04-06,6,8.67140614121163,8.630856591488739
1157,2016-04-07,6,8.416986508715285,8.618774246248904
1158,2016-04-08,7,8.282035412647161,8.606666016135037
1159,2016-04-09,14,8.826603468585526,8.594531902510319
1160,2016-04-10,10,8.938355519196431,8.582371906752893
1161,2016-04-11,8,8.848988326892007,8.570186030255845
1162,2016-04-12,4,8.387179914807056,8.557974274427217
1163,2016-04-13,6,8.159829446730193,8.545736640689986
1164,2016-04-14,9,8.239845689898747,8.533473130482104
1165,2016-04-15,9,8.312241338479819,8.521183745256451
1166,2016-04-16,18,9.23488502052936,8.508868486480866
1167,2016-04-17,19,10.164895970955136,8.49652735563814
1168,2016-04-18,9,10.053953497530836,8.484160354226006
1169,2016-04-19,4,9.477386497765991,8.47176748375715
1170,2016-04-20,4,8.955730640835897,8.45934874575921
1171,2016-04-21,5,8.578994389327718,8.446904141774773
1172,2016-04-22,9,8.619090161772696,8.434433673361376
1173,2016-04-23,5,8.274414908270534,8.421937342091503
1174,2016-04-24,10,8.438756345578103,8.409415149552595
1175,2016-04-25,7,8.301731931713519,8.396867097347032
1176,2016-04-26,9,8.36823365250271,8.384293187092148
1177,2016-04-27,6,8.142687590359595,8.371693420420232
1178,2016-04-28,11,8.414812581753921,8.359067798978527
1179,2016-04-29,7,8.280068526348785,8.346416324429201
1180,2016-04-30,16,9.015300095267946,8.333738998449402
1181,2016-05-01,17,9.77574770524243,8.321035822731211
1182,2016-05-02,8,9.606628876171722,8.308306798981661
1183,2016-05-03,9,9.548854697488702,8.295551928922732
1184,2016-05-04,3,8.925154250108823,8.282771214291365
1185,2016-05-05,6,8.646568131050843,8.269964656839441
1186,2016-05-06,13,9.06118068999838,8.257132258333797
1187,2016-05-08,5,8.6744015766652,8.24427402055621
1188,2016-05-09,8,8.610172855078039,8.231389945303413
1189,2016-05-10,6,8.361584964118228,8.218480034387094
1190,2016-05-11,4,7.94619591991649,8.205544289633888
1191,2016-05-12,7,7.856082022781585,8.192582712885367
1192,2016-05-13,10,8.060264687278577,8.179595305998072
1193,2016-05-14,6,7.8640490027758565,8.166582070843482
1194,2016-05-15,10,8.067472907273393,8.15354300930803
1195,2016-05-16,11,8.346761201818786,8.140478123293095
1196,2016-05-17,7,8.218498230216996,8.127387414715013
1197,2016-05-18,7,8.102450779720137,8.11427088550506
1198,2016-05-19,3,7.6165030864134575,8.101128537609473
1199,2016-05-20,5,7.367312316278842,8.087960372989428
1200,2016-05-21,8,7.427568286157047,8.074766393621061
1201,2016-05-22,11,7.767799877951615,8.061546601495444
1202,2016-05-23,8,7.789914175289558,8.048300998618615
1203,2016-05-24,8,7.809922349071503,8.03502958701155
1204,2016-05-25,12,8.208977363445648,8.021732368710179
1205,2016-05-26,9,8.2843128526413,8.008409345765386
1206,2016-05-27,7,8.161997342865938,7.9950605202429985
1207,2016-05-28,15,8.81323569116442,7.981685894223792
1208,2016-05-29,12,9.116737053910668,7.968285469803495
1209,2016-05-30,9,9.105619239252508,7.954859249092794
1210,2016-05-31,7,8.905084073609412,7.941407234217316
1211,2016-06-01,3,8.34269511421804,7.927929427317633
1212,2016-06-02,8,8.310057484292512,7.914425830549278
1213,2016-06-03,8,8.280528200074178,7.900896446082724
1214,2016-06-04,11,8.539525514352826,7.887341276103407
1215,2016-06-05,14,9.059570703462082,7.873760322811703
1216,2016-06-06,10,9.149135398370456,7.860153588422933
1217,2016-06-07,6,8.849217741382793,7.846521075167381
1218,2016-06-08,8,8.768339861251098,7.832862785290271
1219,2016-06-09,5,8.409450350655755,7.819178721051781
1220,2016-06-10,10,8.560931269640921,7.805468884727031
1221,2016-06-11,7,8.412271148722736,7.791733278606109
1222,2016-06-12,10,8.563483420272954,7.777971904994037
1223,2016-06-13,9,8.605056427866009,7.7641847662107875
1224,2016-06-14,3,8.071241529974008,7.75037186459129
1225,2016-06-15,5,7.778742336643147,7.736533202485418
1226,2016-06-16,6,7.609338304581896,7.722668782257997
1227,2016-06-17,7,7.551306085097907,7.708778606288803
1228,2016-06-18,6,7.403562648421914,7.694862676972562
1229,2016-06-19,8,7.460366205715066,7.680920996718947
1230,2016-06-20,15,8.178426567075537,7.6669535679525875
1231,2016-06-21,7,8.066195465449296,7.6529603931130525
1232,2016-06-22,6,7.8694149449303135,7.638941474654863
1233,2016-06-23,3,7.405661140651237,7.624896815047501
1234,2016-06-24,6,7.271788651065406,7.6108264167753905
1235,2016-06-25,8,7.3411421128687,7.596730282337901
1236,2016-06-26,10,7.5943666735478725,7.582608414249353
1237,2016-06-27,6,7.442522228448075,7.568460815039028
1238,2016-06-28,5,7.209901063833972,7.554287487251138
1239,2016-06-29,4,6.904196200611688,7.5400884334448675
1240,2016-06-30,6,6.818082276743909,7.525863656194334
1241,2016-07-01,10,7.121122059911157,7.51161315808861
1242,2016-07-02,10,7.3953009113481905,7.497336941731719
1243,2016-07-03,5,7.1671770150293135,7.483035009742631
1244,2016-07-04,4,6.865541108836046,7.468707364755268
1245,2016-07-05,10,7.1640610032326135,7.454354009418501
1246,2016-07-06,4,6.862721860067603,7.439974946396157
1247,2016-07-07,3,6.494843587680213,7.425570178367003
1248,2016-07-08,4,6.257239436472576,7.411139708024758
1249,2016-07-09,13,6.899407109189473,7.396683538078094
1250,2016-07-10,14,7.575654051171429,7.382201671250637
1251,2016-07-11,11,7.90178223677415,7.367694110280943
1252,2016-07-12,2,7.339707738033755,7.353160857922551
1253,2016-07-13,3,6.926402239173398,7.33860191694392
1254,2016-07-14,5,6.7429353592521215,7.324017290128475
1255,2016-07-15,8,6.862655801228111,7.309406980274581
1256,2016-07-16,7,6.875736201111147,7.294770990195558
1257,2016-07-17,9,7.0780470391005625,7.280109322719673
1258,2016-07-18,10,7.356328273471937,7.265421980690155
1259,2016-07-19,4,7.036677961712706,7.250708966965162
1260,2016-07-20,2,6.556994346311496,7.235970284417823
1261,2016-07-21,13,7.1706139323770675,7.221205935936194
1262,2016-07-22,6,7.0591268911983,7.206415924423304
1263,2016-07-23,4,6.767781472988938,7.191600252797112
1264,2016-07-24,4,6.504183237466183,7.176758923990543
1265,2016-07-25,11,6.932356262469402,7.1618919409514605
1266,2016-07-26,5,6.748322332710411,7.1469993066426865
1267,2016-07-27,3,6.391339253404657,7.132081024041986
1268,2016-07-28,9,6.639783134032786,7.117137096142073
1269,2016-07-29,7,6.674089502220139,7.102167525950613
1270,2016-07-30,8,6.800366692484888,7.0871723164902285
1271,2016-07-31,14,7.486046055105375,7.072151470798488
1272,2016-08-01,11,7.8207083355715294,7.057104991927898
1273,2016-08-02,4,7.456831351231385,7.042032882945932
1274,2016-08-03,6,7.318085508256968,7.026935146935006
1275,2016-08-04,9,7.478267840803922,7.011811786992481
1276,2016-08-05,10,7.718432808346407,6.99666280623067
1277,2016-08-06,11,8.030963017075319,6.981488207776848
1278,2016-08-07,8,8.028014158306242,6.966287994773227
1279,2016-08-08,7,7.930108047991363,6.951062170376966
1280,2016-08-09,4,7.5558120434207545,6.9358107377601845
1281,2016-08-10,5,7.312401372618778,6.920533700109947
1282,2016-08-11,6,7.187410765702704,6.905231060628259
1283,2016-08-12,6,7.074324026111968,6.8899028225320995
1284,2016-08-13,7,7.06724554743464,6.874548989053372
1285,2016-08-14,9,7.2513174000599125,6.859169563438946
1286,2016-08-15,7,7.227382409578015,6.843764548950633
1287,2016-08-16,2,6.72953646580868,6.828333948865192
1288,2016-08-17,9,6.9457710881126165,6.812877766474331
1289,2016-08-18,6,6.855697651149509,6.79739600508473
1290,2016-08-19,5,6.678964541516223,6.7818886680179915
1291,2016-08-20,6,6.61430125184801,6.766355758610679
1292,2016-08-21,6,6.555796370719628,6.750797280214304
1293,2016-08-22,5,6.407625287793949,6.735213236195327
1294,2016-08-23,6,6.3688038318135725,6.719603629935167
1295,2016-08-24,4,6.143203466878946,6.703968464830173
1296,2016-08-25,6,6.129565041461903,6.6883077442916665
1297,2016-08-26,6,6.1172255137036275,6.672621471745906
1298,2016-08-27,5,6.01082308382709,6.6569096506341054
1299,2016-08-28,7,6.1050304091768925,6.641172284412417
1300,2016-08-29,6,6.095027513064808,6.625409376551963
1301,2016-08-30,8,6.276453464201492,6.6096209305387905
1302,2016-08-31,6,6.250124562848969,6.593806949873923
1303,2016-09-01,4,6.035826985434781,6.577967438073312
1304,2016-09-02,5,5.937176796345754,6.56210239866787
1305,2016-09-03,5,5.847921863360443,6.546211835203454
1306,2016-09-04,9,6.14811978113564,6.530295751240879
1307,2016-09-05,10,6.51496551626558,6.514354150355897
1308,2016-09-06,11,6.942111657573619,6.498387036139223
1309,2016-09-07,7,6.947624833042799,6.482394412196512
1310,2016-09-08,6,6.8573748489434845,6.466376282148379
1311,2016-09-09,7,6.870958196663152,6.450332649630375
1312,2016-09-10,8,6.978485987457137,6.434263518293009
1313,2016-09-11,8,7.075773036270744,6.418168891801738
1314,2016-09-12,5,6.87808036614972,6.402048773836977
1315,2016-09-13,6,6.794453664611652,6.38590316809408
1316,2016-09-14,8,6.909267601315304,6.3697320782833495
1317,2016-09-15,4,6.632194496428133,6.353535508130047
1318,2016-09-16,14,7.333890258673072,6.337313461374383
1319,2016-09-17,8,7.397329281656588,6.321065941771509
1320,2016-09-18,6,7.264250302451197,6.304792953091527
1321,2016-09-19,12,7.71527408317013,6.288494499119503
1322,2016-09-20,8,7.742390837153928,6.272170583655442
1323,2016-09-21,5,7.481210757424981,6.255821210514295
1324,2016-09-22,9,7.6258573519559345,6.239446383525973
1325,2016-09-23,10,7.85196617557918,6.223046106535323
1326,2016-09-24,8,7.86606463504783,6.206620383402159
1327,2016-09-25,8,7.8788203840908935,6.190169218001232
1328,2016-09-26,4,7.509408918939379,6.173692614222249
1329,2016-09-27,7,7.4608937838022955,6.1571905759698655
1330,2016-09-28,5,7.2265229472496975,6.140663107163684
1331,2016-09-29,6,7.1097112379878205,6.124110211738259
1332,2016-09-30,5,6.908786358179456,6.107531893643093
1333,2016-10-01,6,6.8222352764480805,6.090928156842643
1334,2016-10-02,3,6.458212869167308,6.074299005316313
1335,2016-10-03,5,6.319335453056137,6.057644443058454
1336,2016-10-04,4,6.098446362288888,6.040964474078372
1337,2016-10-05,4,5.898594327785183,6.024259102400317
1338,2016-10-06,5,5.813013915615167,6.007528332063493
1339,2016-10-07,3,5.545107828413721,5.990772167122056
1340,2016-10-08,6,5.588430892374319,5.973990611645105
1341,2016-10-09,6,5.627627950243431,5.9571836697166916
1342,2016-10-10,3,5.377377669267867,5.9403513454358245
1343,2016-10-11,6,5.436675034099498,5.923493642916447
1344,2016-10-12,2,5.109372649899544,5.906610566287466
1345,2016-10-13,2,4.813241921337684,5.8897021196927275
1346,2016-10-14,6,4.9262665002579045,5.872768307291043
1347,2016-10-15,9,5.314241119280961,5.855809133256158
1348,2016-10-16,2,4.998599107920869,5.838824601776768
1349,2016-10-17,6,5.093970621452215,5.821814717056532
1350,2016-10-18,7,5.275497228932957,5.804779483314049
1351,2016-10-19,7,5.439735588082199,5.787718904782863
1352,2016-10-20,8,5.683570293979133,5.770632985711481
1353,2016-10-21,7,5.808944551695405,5.753521730363352
1354,2016-10-22,5,5.731902213438699,5.736385143016876
1355,2016-10-23,7,5.852673431206442,5.719223227965402
1356,2016-10-24,6,5.866704532996305,5.702035989517224
1357,2016-10-25,6,5.879399339377608,5.684823431995596
1358,2016-10-26,4,5.70040892610355,5.667585559738718
1359,2016-10-27,5,5.6337033140936885,5.650322377099737
1360,2016-10-28,7,5.763826807989527,5.633033888446753
1361,2016-10-29,12,6.357748064371477,5.615720098162812
1362,2016-10-30,9,6.609391105859911,5.598381010645913
1363,2016-10-31,6,6.551353857682775,5.581016630309001
1364,2016-11-01,6,6.498843966474893,5.563626961579981
1365,2016-11-02,11,6.927525493477282,5.546212008901696
1366,2016-11-03,9,7.124904017908017,5.528771776731943
1367,2016-11-04,11,7.493960778107254,5.511306269543471
1368,2016-11-05,7,7.446916894477992,5.493815491823976
1369,2016-11-06,6,7.309115285480088,5.476299448076102
1370,2016-11-07,6,7.184437639243889,5.45875814281745
1371,2016-11-08,6,7.071634054553996,5.441191580580564
1372,2016-11-09,6,6.969573668405995,5.423599765912941
1373,2016-11-10,5,6.7819952237959,5.405982703377027
1374,2016-11-11,4,6.5170432977200985,5.3883403975502135
1375,2016-11-12,8,6.658277269365803,5.370672853024856
1376,2016-11-13,5,6.500346100854774,5.3529800744082365
1377,2016-11-14,10,6.833646472201937,5.335262066322609
1378,2016-11-15,7,6.849489665325563,5.317518833405167
1379,2016-11-16,9,7.0543001733897945,5.299750380308057
1380,2016-11-17,4,6.763414442590767,5.28195671169837
1381,2016-11-18,6,6.690708305201171,5.26413783225815
1382,2016-11-19,2,6.243974180896295,5.2462937466843895
1383,2016-11-20,6,6.220738544620457,5.228424459689041
1384,2016-11-21,6,6.199715826085176,5.210529975998991
1385,2016-11-22,1,5.704504795029443,5.192610300356084
1386,2016-11-23,2,5.3516948145504495,5.174665437517116
1387,2016-11-24,5,5.318200070307548,5.156695392253827
1388,2016-11-25,4,5.192657206468735,5.138700169352908
1389,2016-11-26,5,5.174308901090759,5.120679773616007
1390,2016-11-27,6,5.2529461486059255,5.102634209859716
1391,2016-11-28,1,4.847903658262504,5.0845634829155735
1392,2016-11-29,1,4.481436643189884,5.0664675976300755
1393,2016-11-30,3,4.340347439076561,5.048346558864661
1394,2016-12-01,1,4.0222191115454615,5.0302003714957175
1395,2016-12-02,2,3.8296268152077975,5.012029040414599
1396,2016-12-03,6,4.036329023283246,4.993832570527587
1397,2016-12-04,8,4.4138214972562695,4.975610966755925
1398,2016-12-05,5,4.469648021327101,4.957364234035803
1399,2016-12-07,4,4.424919638343568,4.9390923773183655
1400,2016-12-08,7,4.670165387072752,4.920795401569699
1401,2016-12-09,6,4.796816302589633,4.902473311770841
1402,2016-12-10,6,4.911405226152525,4.884126112917786
1403,2016-12-11,7,5.110319014137999,4.865753810021478
1404,2016-12-12,5,5.099812441362952,4.8473564081078
1405,2016-12-13,3,4.8998303040902895,4.828933912217597
1406,2016-12-14,3,4.718894084653119,4.810486327406653
1407,2016-12-15,1,4.364713695638536,4.792013658745702
1408,2016-12-16,3,4.23474096272058,4.773515911320446
1409,2016-12-17,3,4.11714658531862,4.754993090231516
1410,2016-12-18,2,3.9155135771930376,4.7364452005945035
1411,2016-12-19,1,3.6378456174603664,4.717872247539947
1412,2016-12-20,2,3.4818603205593788,4.69927423621333
1413,2016-12-21,4,3.531206956696581,4.6806511717750885
1414,2016-12-22,2,3.3853777227254778,4.662003059400623
1415,2016-12-23,6,3.634389368180194,4.643329904280262
1416,2016-12-24,6,3.8596856188297,4.6246317116192905
1417,2016-12-25,3,3.777810797988776,4.605908486637951
1418,2016-12-26,2,3.608495483894606,4.5871602345714235
1419,2016-12-27,1,3.36006734257131,4.568386960669853
1420,2016-12-28,2,3.23053711946928,4.549588670198322
1421,2016-12-29,5,3.3990573938055397,4.530765368436866
1422,2016-12-30,5,3.551528118205012,4.511917060680472
1423,2016-12-31,5,3.689477821233106,4.493043752239078
