Day,Date,Rides,20_ExpMA
1,2013-01-01,46,46.0
2,2013-01-02,40,42.85
3,2013-01-03,46,44.00666111573688
4,2013-01-04,44,44.004738154613456
5,2013-01-05,54,46.42250693718042
6,2013-01-06,44,45.911468627260575
7,2013-01-07,42,45.17190672577512
8,2013-01-08,58,47.38930710669985
9,2013-01-09,48,47.48726523292786
10,2013-01-10,38,46.058565294428895
11,2013-01-11,61,48.19060082194487
12,2013-01-12,49,48.300863778404505
13,2013-01-13,38,46.95285122844133
14,2013-01-14,58,48.348793878150325
15,2013-01-15,63,50.14427063943553
16,2013-01-16,54,50.60422152097796
17,2013-01-17,45,49.95139448025768
18,2013-01-18,57,50.755390371963294
19,2013-01-19,57,51.45451678888174
20,2013-01-20,30,49.092035656476185
21,2013-01-21,36,47.671529626063716
22,2013-01-22,50,47.920865198875056
23,2013-01-23,62,49.41083095239512
24,2013-01-24,43,48.73949529183813
25,2013-01-26,59,49.80387360559279
26,2013-01-27,45,49.30974033996046
27,2013-01-28,59,50.298953127588064
28,2013-01-29,49,50.167253325856684
29,2013-01-31,55,50.654246045799816
30,2013-02-02,55,51.08975591390021
31,2013-02-03,47,50.68193061777695
32,2013-02-04,55,51.11060232018374
33,2013-02-05,40,50.01204280307417
34,2013-02-06,41,49.12420698651757
35,2013-02-07,61,50.29034654306603
36,2013-02-09,59,51.14306694562877
37,2013-02-10,49,50.9338076555089
38,2013-02-11,54,51.23248649330096
39,2013-02-12,63,52.37627938339803
40,2013-02-13,59,53.01883959601846
41,2013-02-14,58,53.50120256255661
42,2013-02-16,63,54.41957324753963
43,2013-02-17,59,54.8617830219895
44,2013-02-18,49,54.29660451776989
45,2013-02-21,62,55.03847173709124
46,2013-02-23,58,55.32337487406317
47,2013-02-24,54,55.19618689057708
48,2013-02-25,55,55.17734800539465
49,2013-02-26,44,54.10488507984872
50,2013-02-27,54,54.094828546405765
51,2013-03-04,62,54.85230051811173
52,2013-03-07,59,55.24950121080544
53,2013-03-09,51,54.84276551095662
54,2013-03-10,44,53.805457156499735
55,2013-03-11,59,54.30219628476325
56,2013-03-12,51,53.98653958770214
57,2013-03-15,52,53.79671320306096
58,2013-03-17,51,53.52955463327201
59,2013-03-18,46,52.81049404088774
60,2013-03-19,51,52.637639714126436
61,2013-03-20,56,52.95858067606829
62,2013-03-21,45,52.19908722736203
63,2013-03-22,51,52.084679457988365
64,2013-03-23,56,52.45818442254392
65,2013-03-24,39,51.17453312204523
66,2013-03-25,54,51.44398975228741
67,2013-03-26,41,50.448105050725225
68,2013-03-27,52,50.59606843503459
69,2013-03-28,64,51.87391374523789
70,2013-03-29,51,51.79060834254415
71,2013-03-31,64,52.95436209395771
72,2013-04-01,41,51.815005887273855
73,2013-04-02,42,50.87961536733889
74,2013-04-03,55,51.2722714858074
75,2013-04-04,43,50.48400284758415
76,2013-04-05,50,50.437884404179265
77,2013-04-06,53,50.6820052497441
78,2013-04-07,50,50.61702591726579
79,2013-04-08,46,50.177147152730946
80,2013-04-09,50,50.16027037147294
81,2013-04-10,46,49.76393465274141
82,2013-04-11,60,50.73906401529275
83,2013-04-13,47,50.38287477254023
84,2013-04-14,42,49.58432743383765
85,2013-04-15,51,49.71918063692273
86,2013-04-16,41,48.88863066552946
87,2013-04-17,60,49.94703135540392
88,2013-04-18,40,48.99955326460634
89,2013-04-20,50,49.09484680687484
90,2013-04-21,47,48.895313147030286
91,2013-04-22,57,49.667273634802406
92,2013-04-23,42,48.93698387450288
93,2013-04-24,55,49.514466369389524
94,2013-04-25,49,49.46546555043393
95,2013-04-26,61,50.56407422432773
96,2013-04-27,60,51.46279420544296
97,2013-04-28,29,49.32335041613297
98,2013-04-29,36,48.0543901076031
99,2013-04-30,36,46.906295823229065
100,2013-05-01,47,46.91522043234974
101,2013-05-03,61,48.25668265433344
102,2013-05-04,51,48.517960602429625
103,2013-05-05,48,48.468629376285435
104,2013-05-06,40,47.66206891169959
105,2013-05-07,38,46.74184675392428
106,2013-05-08,49,46.95691427926423
107,2013-05-09,59,48.10390045293611
108,2013-05-10,64,49.61784530211634
109,2013-05-11,51,49.74948149063538
110,2013-05-12,57,50.440018490703366
111,2013-05-13,40,49.4457161277376
112,2013-05-14,45,49.022308855875295
113,2013-05-15,47,48.829705651762346
114,2013-05-16,57,49.607837552095795
115,2013-05-17,58,50.4070991378203
116,2013-05-19,29,48.36830928368109
117,2013-05-20,46,48.14275416603322
118,2013-05-21,33,46.70057638575687
119,2013-05-22,52,47.20528678995623
120,2013-05-24,56,48.04288361933507
121,2013-05-25,49,48.13403806203321
122,2013-05-26,44,47.740318190836994
123,2013-05-27,34,46.43171056276137
124,2013-05-28,55,47.2477414545062
125,2013-05-29,42,46.74795471087471
126,2013-05-30,36,45.72433656095637
127,2013-05-31,64,47.46488119073232
128,2013-06-02,51,47.80156009218456
129,2013-06-03,49,47.915697508330034
130,2013-06-04,45,47.638011410457246
131,2013-06-05,54,48.24391631139242
132,2013-06-06,55,48.887354030865275
133,2013-06-08,48,48.80284398321441
134,2013-06-09,50,48.916859012783924
135,2013-06-10,35,47.59144207197497
136,2013-06-11,51,47.916067034699545
137,2013-06-12,39,47.06691685100986
138,2013-06-13,59,48.20340210147012
139,2013-06-14,49,48.279268636912576
140,2013-06-15,46,48.0621952549911
141,2013-06-16,34,46.722937568172604
142,2013-06-17,41,46.177895528321265
143,2013-06-18,44,45.97047678031986
144,2013-06-19,53,46.63995555089736
145,2013-06-20,52,47.15043622898429
146,2013-06-21,63,48.65991917340432
147,2013-06-22,51,48.882784104936846
148,2013-06-23,37,47.75108996301301
149,2013-06-24,46,47.58431943466103
150,2013-06-25,45,47.33819369986336
151,2013-06-26,38,46.44884167584136
152,2013-06-27,45,46.31085672020973
153,2013-06-28,52,46.852680010942564
154,2013-06-29,40,46.200043687308536
155,2013-06-30,30,44.65718210117338
156,2013-07-01,27,42.97554543191947
157,2013-07-02,49,43.5493030958549
158,2013-07-03,39,43.11603607557216
159,2013-07-04,40,42.819270698619135
160,2013-07-05,52,43.69362596726976
161,2013-07-06,42,43.53232823989612
162,2013-07-07,37,42.91020168430791
163,2013-07-08,51,43.680658730118445
164,2013-07-09,41,43.425357879681876
165,2013-07-10,56,44.622942924146166
166,2013-07-11,52,45.32551983130777
167,2013-07-12,59,46.62785134771641
168,2013-07-13,46,46.568055978285756
169,2013-07-14,35,45.466336311604735
170,2013-07-15,48,45.707637625110415
171,2013-07-16,48,45.92595785935271
172,2013-07-17,43,45.64729519677038
173,2013-07-18,43,45.395171837075374
174,2013-07-19,64,47.16706028200687
175,2013-07-20,58,48.19876885210822
176,2013-07-21,38,47.22745751111297
177,2013-07-22,44,46.9200805990662
178,2013-07-23,60,48.1657872315098
179,2013-07-24,45,47.86428368065215
180,2013-07-25,53,48.3533995279282
181,2013-07-27,43,47.8435519469191
182,2013-07-28,43,47.38226127964251
183,2013-07-29,50,47.63156973197059
184,2013-07-30,44,47.28570594449629
185,2013-07-31,46,47.16325775819239
186,2013-08-01,44,46.86199511207573
187,2013-08-02,63,48.398947969988654
188,2013-08-03,47,48.265714829092175
189,2013-08-04,53,48.7165991338316
190,2013-08-05,31,47.02930396892374
191,2013-08-06,46,46.93127501901332
192,2013-08-07,35,45.79496310731101
193,2013-08-08,43,45.528776143622764
194,2013-08-09,50,45.954606988660856
195,2013-08-10,44,45.76845394149934
196,2013-08-11,43,45.504791660558965
197,2013-08-12,33,44.31385911819865
198,2013-08-13,42,44.093491582586424
199,2013-08-14,43,43.989349526868686
200,2013-08-15,46,44.18084004850745
201,2013-08-16,56,45.30647433166637
202,2013-08-17,59,46.61061963557643
203,2013-08-18,33,45.314370144527864
204,2013-08-19,34,44.2368110816806
205,2013-08-20,46,44.404733836012625
206,2013-08-21,50,44.937616328413455
207,2013-08-22,59,46.276890965149974
208,2013-08-23,42,45.86956801571733
209,2013-08-24,46,45.88199010946877
210,2013-08-25,33,44.65513390765287
211,2013-08-26,28,43.0689306772833
212,2013-08-27,32,42.01474680261335
213,2013-08-28,28,40.68000901115172
214,2013-08-29,32,39.85334148586739
215,2013-08-30,32,39.1054042011612
216,2013-08-31,27,37.95250856248418
217,2013-09-01,30,37.195126794348475
218,2013-09-02,13,34.89082900363959
219,2013-09-03,20,33.47265481238749
220,2013-09-04,20,32.189544829903944
221,2013-09-05,25,31.50482627450533
222,2013-09-06,24,30.79008091486839
223,2013-09-07,26,30.33388273240744
224,2013-09-08,27,30.01637009116751
225,2013-09-09,24,29.44338246334213
226,2013-09-10,28,29.305917466812705
227,2013-09-11,16,28.038687231705918
228,2013-09-12,24,27.65405035244853
229,2013-09-13,39,28.7346169856689
230,2013-09-14,33,29.14084393945561
231,2013-09-15,25,28.74647784994773
232,2013-09-16,25,28.38967043563759
233,2013-09-17,17,27.304939917876947
234,2013-09-18,28,27.371136116178846
235,2013-09-19,30,27.62150410512947
236,2013-09-20,24,27.276598952240953
237,2013-09-21,36,28.107399052069038
238,2013-09-22,23,27.62098009470714
239,2013-09-23,20,26.895172466610113
240,2013-09-24,27,26.90515604121904
241,2013-09-25,23,26.533236418233347
242,2013-09-26,26,26.48245199744768
243,2013-09-27,28,26.626980378647097
244,2013-09-28,17,25.7101251044675
245,2013-09-29,20,25.166303665934585
246,2013-09-30,22,24.864750935839453
247,2013-10-01,21,24.4966794181337
248,2013-10-02,21,24.16366233068686
249,2013-10-03,30,24.719504013486944
250,2013-10-04,39,26.079551250316207
251,2013-10-05,29,26.357689226479994
252,2013-10-06,42,27.84743310968896
253,2013-10-07,30,28.052439480196842
254,2013-10-08,22,27.476016672553794
255,2013-10-09,23,27.0497293704023
256,2013-10-10,27,27.04499323988776
257,2013-10-11,25,26.850231978944755
258,2013-10-12,28,26.9597336952364
259,2013-10-13,33,27.534997152836116
260,2013-10-14,21,26.912616471610516
261,2013-10-15,24,26.635224426693973
262,2013-10-16,23,26.289012576531224
263,2013-10-17,23,25.97577328352709
264,2013-10-18,31,26.45427106604992
265,2013-10-19,28,26.601483345474183
266,2013-10-20,30,26.92515159828705
267,2013-10-21,29,27.12275620797449
268,2013-10-22,32,27.587255616739867
269,2013-10-23,28,27.626564605621862
270,2013-10-24,27,27.566891786038717
271,2013-10-25,28,27.60814018736843
272,2013-10-26,32,28.026412550476827
273,2013-10-27,18,27.071516117096785
274,2013-10-28,28,27.159943153563866
275,2013-10-29,34,27.81137713893946
276,2013-10-30,31,28.115055506659818
277,2013-10-31,33,28.580288315549783
278,2013-11-01,49,30.525022761689506
279,2013-11-02,36,31.046449165338515
280,2013-11-03,24,30.375358768639153
281,2013-11-04,27,30.053896028768563
282,2013-11-05,30,30.04876307364774
283,2013-11-06,32,30.23459516187186
284,2013-11-07,43,31.450348003598897
285,2013-11-08,32,31.502695812779976
286,2013-11-09,35,31.835772402039147
287,2013-11-10,23,30.99427026851133
288,2013-11-11,27,30.61386357627204
289,2013-11-12,28,30.36492418805559
290,2013-11-13,38,31.092074265383808
291,2013-11-14,28,30.797591002013856
292,2013-11-15,42,31.864487097060376
293,2013-11-16,34,32.067869278292754
294,2013-11-17,38,32.63283410893163
295,2013-11-18,30,32.38208800331906
296,2013-11-19,26,31.774270098240972
297,2013-11-20,30,31.605291993646574
298,2013-11-21,21,30.59526418472774
299,2013-11-22,31,30.63381045284891
300,2013-11-23,33,30.859161838291893
301,2013-11-24,19,29.729717853692573
302,2013-11-25,22,28.99355424857894
303,2013-11-26,34,29.470358605857164
304,2013-11-27,33,29.806514929108886
305,2013-11-28,36,30.396370650146167
306,2013-11-29,29,30.263382969179858
307,2013-11-30,19,29.19067982925792
308,2013-12-01,21,28.410615083614278
309,2013-12-02,34,28.942937456603417
310,2013-12-03,35,29.51980055597454
311,2013-12-04,31,29.660771931596017
312,2013-12-05,25,29.216888890491624
313,2013-12-06,36,29.86289947234958
314,2013-12-07,32,30.06643285593534
315,2013-12-08,29,29.964867822036734
316,2013-12-09,29,29.87297564850942
317,2013-12-10,42,31.027930348651402
318,2013-12-11,37,31.596698886875085
319,2013-12-12,33,31.730346611934603
320,2013-12-13,44,32.89888502984561
321,2013-12-14,30,32.622800741288884
322,2013-12-15,31,32.46824828973756
323,2013-12-16,34,32.61412940500065
324,2013-12-17,50,34.26992660452441
325,2013-12-18,30,33.863266927903034
326,2013-12-19,30,33.49533674429322
327,2013-12-20,40,34.11482848293196
328,2013-12-21,40,34.67532100836702
329,2013-12-22,27,33.944338055189206
330,2013-12-23,40,34.521067764218806
331,2013-12-24,37,34.75715654857892
332,2013-12-25,35,34.78028449633331
333,2013-12-26,37,34.99168597287299
334,2013-12-27,38,35.278192070694615
335,2013-12-28,23,34.10884044491417
336,2013-12-29,29,33.6222842120652
337,2013-12-30,30,33.27730476329709
338,2013-12-31,32,33.15565669060213
339,2014-01-01,36,33.42654652959241
340,2014-01-02,31,33.19544686010742
341,2014-01-03,47,34.510166206763856
342,2014-01-04,49,35.89015037754825
343,2014-01-05,27,35.04346938921032
344,2014-01-06,42,35.70599611404744
345,2014-01-07,30,35.162567912709584
346,2014-01-08,34,35.051847159118196
347,2014-01-09,33,34.85643314396408
348,2014-01-10,39,35.251058558824646
349,2014-01-11,36,35.32238631512706
350,2014-01-12,29,34.72025428511496
351,2014-01-13,24,33.69927768653258
352,2014-01-14,28,33.156489335434244
353,2014-01-15,37,33.522537970154794
354,2014-01-16,37,33.85372483014005
355,2014-01-17,47,35.105751036793386
356,2014-01-18,33,34.90520331900354
357,2014-01-19,38,35.19994586005082
358,2014-01-20,23,34.03804625433169
359,2014-01-21,32,33.843946611062
360,2014-01-22,35,33.954046933818
361,2014-01-23,35,34.05366151154962
362,2014-01-24,51,35.66759851044966
363,2014-01-25,39,35.98497008088302
364,2014-01-26,29,35.31973483508464
365,2014-01-27,26,34.43214104126705
366,2014-01-28,24,33.43860379924162
367,2014-01-29,27,32.82540343740908
368,2014-01-30,38,33.31822215765583
369,2014-01-31,50,34.90696290454575
370,2014-02-01,52,36.53487119935092
371,2014-02-02,43,37.15059775179368
372,2014-02-03,32,36.660064632575235
373,2014-02-04,38,36.78767752471092
374,2014-02-05,37,36.80789871283369
375,2014-02-06,35,36.63571788304
376,2014-02-07,47,37.622792370369524
377,2014-02-08,33,37.182526430334335
378,2014-02-09,39,37.35561915125487
379,2014-02-10,26,36.27413161304012
380,2014-02-11,40,36.62897622132201
381,2014-02-12,51,37.99764515262468
382,2014-02-13,44,38.56929799523185
383,2014-02-15,58,40.419841043305006
384,2014-02-16,43,40.66557046775215
385,2014-02-17,35,40.12599232796623
386,2014-02-18,42,40.3044692491123
387,2014-02-19,45,40.75166265395875
388,2014-02-20,36,40.29912335358173
389,2014-02-21,50,41.22301636752633
390,2014-02-22,53,42.344633856333346
391,2014-02-23,49,42.978478250968266
392,2014-02-24,48,43.45671841754272
393,2014-02-25,45,43.60369761587199
394,2014-02-26,52,44.40334546197942
395,2014-02-27,44,44.364931608457574
396,2014-02-28,46,44.52065240765209
397,2014-03-01,45,44.56630455930428
398,2014-03-02,49,44.98856126794197
399,2014-03-03,50,45.46584114718559
400,2014-03-04,29,43.897665799834584
401,2014-03-05,52,44.669316676040815
402,2014-03-06,43,44.5103341354655
403,2014-03-07,46,44.652207074944975
404,2014-03-08,38,44.01866354399783
405,2014-03-09,48,44.397838444569466
406,2014-03-10,38,43.78852049746761
407,2014-03-11,40,43.42770902151831
408,2014-03-12,34,42.529831971849895
409,2014-03-13,36,41.907943212626094
410,2014-03-14,41,41.821472430471225
411,2014-03-15,27,40.4099036275692
412,2014-03-16,41,40.46610328208642
413,2014-03-17,21,38.612188683792475
414,2014-03-18,45,39.22055166628843
415,2014-03-19,34,38.72335626949906
416,2014-03-20,27,37.60684614859438
417,2014-03-21,34,37.26333699158539
418,2014-03-22,37,37.23825727810107
419,2014-03-23,35,37.02508991828192
420,2014-03-24,30,36.356033735588404
421,2014-03-25,32,35.94117337981808
422,2014-03-26,38,36.13725210554969
423,2014-03-27,44,36.88608523835448
424,2014-03-28,31,36.32550569184453
425,2014-03-29,42,36.865933721192675
426,2014-03-30,26,35.8310828906029
427,2014-03-31,37,35.9424083295931
428,2014-04-01,34,35.75741706010804
429,2014-04-02,41,36.25671067343108
430,2014-04-03,44,36.99416679977098
431,2014-04-04,44,37.6613890093166
432,2014-04-05,38,37.69363767509597
433,2014-04-06,44,38.29424361080112
434,2014-04-07,28,37.31383945739149
435,2014-04-08,32,36.80775950906849
436,2014-04-09,30,36.15940146058578
437,2014-04-10,28,35.38231560719665
438,2014-04-11,48,36.583999835082686
439,2014-04-12,37,36.62361889840815
440,2014-04-13,29,35.897559955702604
441,2014-04-14,34,35.71683995992141
442,2014-04-15,26,34.791426630405084
443,2014-04-16,29,34.239862189414126
444,2014-04-17,41,34.883684838041354
445,2014-04-18,32,34.60904818679932
446,2014-04-19,36,34.74151978805653
447,2014-04-20,32,34.480422665384474
448,2014-04-21,38,34.81562050677643
449,2014-04-22,40,35.309370934702486
450,2014-04-23,30,34.80371655996891
451,2014-04-24,45,35.7747911733052
452,2014-04-25,32,35.41528725203804
453,2014-04-26,39,35.75668846612966
454,2014-04-27,38,35.97033718364112
455,2014-04-28,26,35.02078126138958
456,2014-04-29,31,34.63784971268581
457,2014-04-30,37,34.86281640671573
458,2014-05-01,38,35.16159579655233
459,2014-05-02,40,35.62239619688068
460,2014-05-03,43,36.32502513051109
461,2014-05-04,26,35.34168940379575
462,2014-05-05,35,35.3091475558152
463,2014-05-06,30,34.80351445526137
464,2014-05-07,39,35.203179745236476
465,2014-05-08,32,34.8981150075949
466,2014-05-09,26,34.05067548306205
467,2014-05-10,22,32.90299210372281
468,2014-05-11,36,33.197945236701585
469,2014-05-12,32,33.083855214158575
470,2014-05-13,28,32.599678527095854
471,2014-05-14,35,32.82828057213434
472,2014-05-15,44,33.89225385097869
473,2014-05-16,39,34.37870586517119
474,2014-05-17,41,35.00930530658346
475,2014-05-18,30,34.53222861071836
476,2014-05-19,31,34.19582588588804
477,2014-05-20,40,34.748604372946325
478,2014-05-21,27,34.01064205171334
479,2014-05-22,33,33.91439042774064
480,2014-05-23,39,34.39873419652725
481,2014-05-24,52,36.07504522542942
482,2014-05-25,38,36.258374251579
483,2014-05-26,19,34.61471956095242
484,2014-05-27,27,33.88950817419505
485,2014-05-28,37,34.18574549093838
486,2014-05-29,33,34.07281734894425
487,2014-05-30,35,34.161120458568604
488,2014-05-31,30,33.76482327203826
489,2014-06-01,34,33.78722105565366
490,2014-06-02,37,34.093200002734264
491,2014-06-03,25,33.22718095485481
492,2014-06-04,46,34.44363991153531
493,2014-06-05,37,34.68710277710338
494,2014-06-06,38,35.00261679833163
495,2014-06-07,62,37.57379615087148
496,2014-06-08,42,37.99533937459801
497,2014-06-09,24,36.66244991035058
498,2014-06-10,26,35.646978490317196
499,2014-06-11,35,35.58536149123937
500,2014-06-12,43,36.29151753969276
501,2014-06-13,55,38.07327777400774
502,2014-06-14,43,38.542489414578434
503,2014-06-15,36,38.30034756557096
504,2014-06-16,22,36.74793351170706
505,2014-06-17,29,36.01003508202067
506,2014-06-18,29,35.3424126932568
507,2014-06-19,29,34.7383733891371
508,2014-06-20,27,34.00138544731452
509,2014-06-21,36,34.19172969042742
510,2014-06-22,31,33.88775543419624
511,2014-06-23,25,33.041302535701355
512,2014-06-24,33,33.037368960872655
513,2014-06-25,27,32.46238144078954
514,2014-06-26,39,33.08501177976197
515,2014-06-27,39,33.64834399121321
516,2014-06-28,38,34.062787420621476
517,2014-06-29,32,33.866331475800386
518,2014-06-30,44,34.8314427638194
519,2014-07-01,29,34.27606726250327
520,2014-07-02,42,35.011679904169625
521,2014-07-03,43,35.77247229424871
522,2014-07-04,45,36.65128445670121
523,2014-07-05,57,38.58925736558682
524,2014-07-06,30,37.77123285457855
525,2014-07-07,33,37.31682972557107
526,2014-07-08,34,37.00094118027859
527,2014-07-09,18,35.19132773453777
528,2014-07-10,36,35.26834414077227
529,2014-07-11,32,34.95707327022253
530,2014-07-12,44,35.81830438734419
531,2014-07-13,37,35.930846826644746
532,2014-07-14,34,35.74695665267858
533,2014-07-15,28,35.00915125718538
534,2014-07-16,34,34.91304161364391
535,2014-07-17,33,34.730847174249256
536,2014-07-18,43,35.51838553860647
537,2014-07-19,29,34.897586915882044
538,2014-07-20,36,35.00257863817899
539,2014-07-21,27,34.24042829168575
540,2014-07-22,35,34.31276845438235
541,2014-07-23,33,34.18774288729832
542,2014-07-24,25,33.312719755174676
543,2014-07-25,27,32.711508349919946
544,2014-07-26,37,33.11993612611805
545,2014-07-27,27,32.53708506648776
546,2014-07-28,30,32.29545791729845
547,2014-07-29,30,32.07684287755574
548,2014-07-30,26,31.498095936836144
549,2014-07-31,51,33.35542013332794
550,2014-08-01,53,35.22633250158242
551,2014-08-02,37,35.39525321571743
552,2014-08-03,33,35.16713386183958
553,2014-08-04,25,34.19883539880724
554,2014-08-05,26,33.41799393225417
555,2014-08-06,23,32.425804033944246
556,2014-08-07,34,32.57572745928289
557,2014-08-08,39,33.18756293935118
558,2014-08-09,20,31.931604564174876
559,2014-08-10,23,31.08097555806298
560,2014-08-11,35,31.454215981104603
561,2014-08-12,26,30.934766840047022
562,2014-08-13,24,30.27431285528064
563,2014-08-14,35,30.724378297634864
564,2014-08-15,50,32.560151793098214
565,2014-08-16,22,31.554423050898382
566,2014-08-17,21,30.549239903193772
567,2014-08-18,20,29.544550388603888
568,2014-08-19,24,29.016497970641613
569,2014-08-20,32,29.3006410210567
570,2014-08-21,27,29.08153235238463
571,2014-08-22,23,28.502338795014666
572,2014-08-23,51,30.64497319548946
573,2014-08-24,44,31.916880510204752
574,2014-08-25,26,31.35336808066144
575,2014-08-26,22,30.462571120598444
576,2014-08-27,30,30.418516728160494
577,2014-08-28,25,29.902467515954733
578,2014-08-29,40,30.86413727634
579,2014-08-30,30,30.781838488117142
580,2014-08-31,32,30.897853870201224
581,2014-09-01,20,29.859963025420154
582,2014-09-02,36,30.444728451570615
583,2014-09-03,27,30.116659075230558
584,2014-09-04,28,29.91507249663717
585,2014-09-05,62,32.97077987790982
586,2014-09-06,40,33.64022941334698
587,2014-09-07,30,33.29354089779012
588,2014-09-08,25,32.50367985990535
589,2014-09-09,30,32.26523415896198
590,2014-09-10,24,31.4780690009656
591,2014-09-11,29,31.242062429445067
592,2014-09-12,35,31.599961245688394
593,2014-09-13,34,31.82853636514664
594,2014-09-14,30,31.654390044656484
595,2014-09-15,16,30.163495754689198
596,2014-09-16,26,29.766972349480703
597,2014-09-17,31,29.884403554292064
598,2014-09-18,33,30.181127025311866
599,2014-09-19,25,29.687686356234543
600,2014-09-20,31,29.812668608021728
601,2014-09-21,20,28.878128740591087
602,2014-09-22,30,28.984973622439554
603,2014-09-23,27,28.79592851554055
604,2014-09-24,21,28.053459133108117
605,2014-09-25,29,28.143605882335915
606,2014-09-26,30,28.320405322113448
607,2014-09-27,24,27.908938148578834
608,2014-09-28,23,27.441420229666562
609,2014-09-29,18,26.542237350650698
610,2014-09-30,28,26.681071888683963
611,2014-10-01,22,26.23525551833311
612,2014-10-02,29,26.498564516587095
613,2014-10-03,36,27.403463134054995
614,2014-10-04,36,28.222180930811664
615,2014-10-05,22,27.62959227073436
616,2014-10-06,31,27.950583483045374
617,2014-10-07,22,27.383861246564862
618,2014-10-08,17,26.39492208022535
619,2014-10-09,25,26.262072358299125
620,2014-10-10,27,26.332351181318256
621,2014-10-11,28,26.491174878335563
622,2014-10-12,22,26.063443937541702
623,2014-10-13,24,25.866925467299634
624,2014-10-14,19,25.212932565652046
625,2014-10-15,28,25.47836755939947
626,2014-10-16,29,25.813761125170952
627,2014-10-17,28,26.02197435134515
628,2014-10-18,31,26.49607203216942
629,2014-10-19,23,26.163112791010427
630,2014-10-20,23,25.86186395377134
631,2014-10-21,24,25.68454357722169
632,2014-10-22,17,24.85744418891486
633,2014-10-23,21,24.49006855187535
634,2014-10-24,30,25.014823927887225
635,2014-10-25,31,25.58484069665987
636,2014-10-26,25,25.529141582692265
637,2014-10-27,23,25.288270955769192
638,2014-10-28,25,25.260816579029264
639,2014-10-29,22,24.95026261912171
640,2014-10-30,22,24.6692852268244
641,2014-10-31,51,27.17697234807922
642,2014-11-01,35,27.922022600643103
643,2014-11-02,29,28.024687114867568
644,2014-11-03,31,28.308050246784944
645,2014-11-04,25,27.992997842329235
646,2014-11-05,27,27.89842661925026
647,2014-11-06,27,27.812862179321662
648,2014-11-07,20,27.068780067005314
649,2014-11-08,27,27.06222958443338
650,2014-11-09,30,27.34201724305877
651,2014-11-10,26,27.214206077053174
652,2014-11-11,20,26.52713883161954
653,2014-11-12,27,26.572173228608154
654,2014-11-13,34,27.279585302074043
655,2014-11-14,29,27.443434320924133
656,2014-11-15,36,28.25834533797898
657,2014-11-16,26,28.04326482960003
658,2014-11-17,40,29.18200151249527
659,2014-11-18,29,29.164668035114765
660,2014-11-19,27,28.958509174627643
661,2014-11-20,27,28.77198449132977
662,2014-11-21,35,29.365128825488842
663,2014-11-22,37,30.092259413537523
664,2014-11-23,26,29.702520421772043
665,2014-11-24,28,29.540375619698512
666,2014-11-25,39,30.441292227346274
667,2014-11-26,39,31.2564072533133
668,2014-11-27,36,31.708177991092985
669,2014-11-28,31,31.640732468131745
670,2014-11-29,32,31.674948423547768
671,2014-11-30,28,31.324953335590834
672,2014-12-01,38,31.960672065534563
673,2014-12-02,31,31.869179487864606
674,2014-12-03,33,31.976876679496552
675,2014-12-04,38,32.55050747192546
676,2014-12-05,38,33.06950676031351
677,2014-12-06,30,32.7771727831408
678,2014-12-07,25,32.03648966093691
679,2014-12-08,31,31.9377763598953
680,2014-12-09,34,32.13417861133384
681,2014-12-10,41,32.978542553111566
682,2014-12-11,32,32.8853480242438
683,2014-12-12,45,34.039124402887246
684,2014-12-13,36,34.225874459755126
685,2014-12-14,32,34.013886415968926
686,2014-12-15,32,33.82208770968617
687,2014-12-16,30,33.458079356382726
688,2014-12-17,36,33.70016703672723
689,2014-12-18,29,33.25253208084845
690,2014-12-19,40,33.8951480731486
691,2014-12-20,35,34.00037206618207
692,2014-12-21,28,33.428908059879014
693,2014-12-22,34,33.483297768461966
694,2014-12-23,31,33.24679321908464
695,2014-12-24,26,32.556622436314676
696,2014-12-25,24,31.741706013808518
697,2014-12-26,33,31.861543536302943
698,2014-12-27,24,31.11282510427409
699,2014-12-28,36,31.57827033243846
700,2014-12-29,38,32.189863634110985
701,2014-12-30,29,31.886067097528986
702,2014-12-31,40,32.65882261205003
703,2015-01-01,40,33.35798236328336
704,2015-01-02,41,34.08579356678019
705,2015-01-03,34,34.07762275089636
706,2015-01-04,33,33.97499201271575
707,2015-01-05,34,33.97737372579044
708,2015-01-06,38,34.36048099000088
709,2015-01-07,41,34.99281613381032
710,2015-01-08,37,35.183976502018865
711,2015-01-09,47,36.309312073255164
712,2015-01-10,46,37.23223473294515
713,2015-01-11,31,36.638688567902754
714,2015-01-12,31,36.10167060905487
715,2015-01-13,38,36.28246388438298
716,2015-01-14,44,37.01746732396555
717,2015-01-15,47,37.968184721683116
718,2015-01-16,37,37.875976652951394
719,2015-01-17,35,37.60207411457507
720,2015-01-18,29,36.782828960806015
721,2015-01-19,33,36.422559535967345
722,2015-01-20,34,36.19183958016093
723,2015-01-21,25,35.12595009633608
724,2015-01-22,31,34.73300246811359
725,2015-01-23,35,34.75843080448372
726,2015-01-24,31,34.40048501358051
727,2015-01-25,38,34.74329596466808
728,2015-01-26,31,34.38679158708064
729,2015-01-27,27,33.68328762640629
730,2015-01-28,36,33.903926900081885
731,2015-01-29,43,34.770219576264566
732,2015-01-30,44,35.64924628328699
733,2015-01-31,24,34.539794256307275
734,2015-02-01,29,34.01219480332563
735,2015-02-02,33,33.915795298247
736,2015-02-03,45,34.97143384127109
737,2015-02-04,53,36.68844014210242
738,2015-02-05,41,37.09906489047362
739,2015-02-06,61,39.37534442471423
740,2015-02-07,42,39.62531162236049
741,2015-02-08,48,40.422900991659496
742,2015-02-09,45,40.85881518293002
743,2015-02-10,45,41.25321373693669
744,2015-02-11,56,42.65766957151415
745,2015-02-12,47,43.071224850417565
746,2015-02-13,60,44.683489150377795
747,2015-02-14,55,45.66601399319896
748,2015-02-15,48,45.88829837479906
749,2015-02-16,36,44.94655567243724
750,2015-02-17,52,45.618312275062266
751,2015-02-18,44,45.46418729648491
752,2015-02-19,41,45.03902660158158
753,2015-02-20,55,45.987690734764286
754,2015-02-21,48,46.179339236215306
755,2015-02-22,37,45.305116451813845
756,2015-02-23,46,45.37129583735538
757,2015-02-24,64,47.14545813855963
758,2015-02-25,45,46.94112879203014
759,2015-02-26,34,45.708640335646315
760,2015-02-27,61,47.16496030368
761,2015-02-28,46,47.05401170332952
762,2015-03-01,42,46.57267725539337
763,2015-03-02,52,47.0895651358321
764,2015-03-03,58,48.128654170514764
765,2015-03-04,47,48.02116329713241
766,2015-03-05,46,47.82867155454837
767,2015-03-06,56,48.606893311258055
768,2015-03-07,52,48.93004632923348
769,2015-03-08,29,47.03194667883029
770,2015-03-09,43,46.64795175703693
771,2015-03-10,43,46.30052778017627
772,2015-03-11,48,46.46238227730234
773,2015-03-12,29,44.79929825089259
774,2015-03-13,44,44.72317460795044
775,2015-03-14,43,44.55906274052659
776,2015-03-15,39,44.02962819380978
777,2015-03-16,39,43.55061598487551
778,2015-03-17,45,43.68865255774451
779,2015-03-18,32,42.57544755224503
780,2015-03-19,43,42.615881118697885
781,2015-03-20,46,42.93817815501237
782,2015-03-21,36,42.27739928310643
783,2015-03-22,26,40.72717077995344
784,2015-03-23,37,40.37220213424359
785,2015-03-24,48,41.098659073839436
786,2015-03-25,40,40.99402487633092
787,2015-03-26,29,39.85173679287083
788,2015-03-27,37,39.58014281259742
789,2015-03-28,45,40.09631968758814
790,2015-03-29,36,39.70619400305594
791,2015-03-30,45,40.2103660027649
792,2015-03-31,45,40.666521621549194
793,2015-04-01,28,39.4601862290207
794,2015-04-02,33,38.844930397685395
795,2015-04-03,52,40.097794169334406
796,2015-04-04,34,39.51705186749303
797,2015-04-05,34,38.99161835630321
798,2015-04-06,36,38.70670232236957
799,2015-04-07,29,37.7822544821439
800,2015-04-08,40,37.993468340987334
801,2015-04-09,38,37.99409040375045
802,2015-04-10,41,38.280367508155166
803,2015-04-11,30,37.49176107880706
804,2015-04-12,36,37.34968859511115
805,2015-04-13,35,37.12590872891008
806,2015-04-14,38,37.20915551663293
807,2015-04-15,36,37.09399784838217
808,2015-04-16,31,36.5136171009172
809,2015-04-17,39,36.750415472258425
810,2015-04-18,48,37.82180447490048
811,2015-04-19,22,36.31496595348139
812,2015-04-20,30,35.7135406245784
813,2015-04-21,35,35.64558437461856
814,2015-04-22,35,35.58410014846441
815,2015-04-23,26,34.67132870575351
816,2015-04-24,36,34.79786882901508
817,2015-04-25,34,34.72188132148983
818,2015-04-26,48,35.98646405277652
819,2015-04-27,35,35.892515095369234
820,2015-04-28,36,35.902751752953115
821,2015-04-29,34,35.72153730029091
822,2015-04-30,41,36.22424803359654
823,2015-05-01,57,38.20289107801592
824,2015-05-02,38,38.183568118204875
825,2015-05-03,37,38.0708473450425
826,2015-05-04,25,36.82600474075274
827,2015-05-05,48,37.890194765442956
828,2015-05-06,41,38.18636669254363
829,2015-05-07,36,37.978141293253756
830,2015-05-08,45,38.6468897415153
831,2015-05-09,33,38.10909071851384
832,2015-05-10,38,38.09870112627443
833,2015-05-11,36,37.898824828534
834,2015-05-12,35,37.622746273435524
835,2015-05-13,39,37.75391329501309
836,2015-05-14,34,37.39639774310709
837,2015-05-15,45,38.12055033900165
838,2015-05-16,35,37.82335506862054
839,2015-05-17,22,36.316368871609065
840,2015-05-18,32,35.90528612193201
841,2015-05-19,28,35.15240172936706
842,2015-05-20,38,35.42360156466543
843,2015-05-21,35,35.383258558506824
844,2015-05-22,43,36.1086625053157
845,2015-05-23,32,35.71736131433325
846,2015-05-24,29,35.07761261773009
847,2015-05-25,35,35.07022093985103
848,2015-05-26,27,34.30162846938903
849,2015-05-27,28,33.701473377066264
850,2015-05-28,40,34.30133305544091
851,2015-05-29,46,35.41549181206558
852,2015-05-30,25,34.42354021091648
853,2015-05-31,20,33.04986971463872
854,2015-06-01,38,33.521310694196934
855,2015-06-02,25,32.70975729474961
856,2015-06-03,36,33.023113742868695
857,2015-06-04,32,32.92567433878596
858,2015-06-05,34,33.02799106842539
859,2015-06-06,31,32.83484906190869
860,2015-06-07,34,32.94581581791739
861,2015-06-08,30,32.66526193049668
862,2015-06-09,33,32.69714174663985
863,2015-06-10,26,32.05931872315034
864,2015-06-11,34,32.244145511421735
865,2015-06-12,41,33.07803641509585
866,2015-06-13,28,32.594413899372434
867,2015-06-14,25,31.87113638514649
868,2015-06-15,39,32.5500757770373
869,2015-06-16,34,32.688163798271844
870,2015-06-17,26,32.05119581748405
871,2015-06-18,44,33.189177168199855
872,2015-06-19,40,33.83782696170463
873,2015-06-20,35,33.94851010820895
874,2015-06-21,29,33.477223431236666
875,2015-06-22,30,33.14605929492841
876,2015-06-23,28,32.655958409697135
877,2015-06-24,34,32.78396237067836
878,2015-06-25,29,32.42358500204233
879,2015-06-26,50,34.097529287562104
880,2015-06-27,24,33.13585983160381
881,2015-06-28,22,32.07530175240345
882,2015-06-29,23,31.210987299793594
883,2015-06-30,26,30.71470279505135
884,2015-07-01,35,31.12282633837979
885,2015-07-02,31,31.11112859186743
886,2015-07-03,44,32.338640154546724
887,2015-07-04,28,31.92543633030418
888,2015-07-05,35,32.21825191789426
889,2015-07-06,34,32.38794221142814
890,2015-07-07,40,33.112900096054034
891,2015-07-08,27,32.53071913452508
892,2015-07-09,40,33.24207921695126
893,2015-07-10,44,34.266643101051145
894,2015-07-11,24,33.2888675676177
895,2015-07-12,5,30.594689704035062
896,2015-07-13,6,28.252338303650767
897,2015-07-14,10,26.51402036996974
898,2015-07-15,7,24.65554223949643
899,2015-07-16,8,23.06930012144915
900,2015-07-17,8,21.634128681311132
901,2015-07-18,5,20.04992594975769
902,2015-07-19,24,20.426123478352196
903,2015-07-20,26,20.95696886136627
904,2015-07-21,41,22.86582896980758
905,2015-07-22,36,24.11670240125448
906,2015-07-23,35,25.153206934468336
907,2015-07-24,35,26.090996750233256
908,2015-07-25,32,26.65375896449676
909,2015-07-26,30,26.972448586925637
910,2015-07-27,31,27.35602491198034
911,2015-07-28,32,27.7983082536965
912,2015-07-29,33,28.29370746763017
913,2015-07-30,40,29.408592470713014
914,2015-07-31,37,30.13158366397844
915,2015-08-01,39,30.97619474359954
916,2015-08-02,28,30.692747625161488
917,2015-08-03,27,30.34105737514611
918,2015-08-04,35,30.78476619656077
919,2015-08-05,26,30.329074177840695
920,2015-08-06,33,30.58344806566539
921,2015-08-07,36,31.09931015464964
922,2015-08-08,29,30.899375854206816
923,2015-08-09,37,31.480387677615692
924,2015-08-10,26,30.958445994033244
925,2015-08-11,30,30.86716542317294
926,2015-08-12,27,30.498863954299324
927,2015-08-13,27,30.165638815794626
928,2015-08-14,34,30.530816071433232
929,2015-08-15,23,29.813595493201497
930,2015-08-16,27,29.545634017658497
931,2015-08-17,37,30.25557363502435
932,2015-08-18,29,30.135995193593462
933,2015-08-19,42,31.26590041325123
934,2015-08-20,29,31.05010037389397
935,2015-08-21,43,32.188186052570735
936,2015-08-22,27,31.694073095183047
937,2015-08-23,18,30.389875657546565
938,2015-08-24,31,30.447982737780226
939,2015-08-25,31,30.50055581037259
940,2015-08-26,29,30.357645733194246
941,2015-08-27,22,29.56167947289003
942,2015-08-28,28,29.41294809451955
943,2015-08-29,35,29.94504827599388
944,2015-08-30,20,28.997900821137318
945,2015-08-31,35,29.569529314362338
946,2015-09-01,34,29.991478903470686
947,2015-09-02,34,30.373242817425858
948,2015-09-03,30,30.337695882432918
949,2015-09-04,28,30.115058179344068
950,2015-09-05,27,29.81838597178749
951,2015-09-06,40,30.78806349828392
952,2015-09-07,24,30.141581260352115
953,2015-09-08,31,30.223335426032868
954,2015-09-09,35,30.678255861648786
955,2015-09-10,29,30.518421970063187
956,2015-09-11,34,30.850000830057173
957,2015-09-12,23,30.10238170338506
958,2015-09-13,25,29.616440588776957
959,2015-09-14,24,29.08154148508391
960,2015-09-15,33,29.454728010314017
961,2015-09-16,27,29.220944390284114
962,2015-09-17,40,30.24752111501896
963,2015-09-18,38,30.985852437398105
964,2015-09-19,21,30.034818871931616
965,2015-09-20,24,29.460074217461937
966,2015-09-21,20,28.55911476817985
967,2015-09-22,29,28.60110383787701
968,2015-09-23,28,28.543855853317293
969,2015-09-24,39,29.539679105382316
970,2015-09-25,30,29.583519190584
971,2015-09-26,29,29.5279459343379
972,2015-09-27,15,28.144332035829525
973,2015-09-28,27,28.035348032417186
974,2015-09-29,31,28.317695838853645
975,2015-09-30,22,27.716010520867584
976,2015-10-01,30,27.933533328404003
977,2015-10-02,37,28.79700634474648
978,2015-10-03,34,29.292529550008723
979,2015-10-04,29,29.264669592865033
980,2015-10-05,30,29.334701060211223
981,2015-10-06,34,29.779015244953012
982,2015-10-07,32,29.990537602576534
983,2015-10-08,24,29.420010211854958
984,2015-10-09,42,30.61810447739258
985,2015-10-10,29,30.463999289069477
986,2015-10-11,27,30.134094594872387
987,2015-10-12,33,30.407037966789304
988,2015-10-13,28,30.177796255666514
989,2015-10-14,26,29.77991089798399
990,2015-10-15,27,29.51515747912837
991,2015-10-16,28,29.37085676683043
992,2015-10-17,30,29.430775169989438
993,2015-10-18,23,28.818320391895206
994,2015-10-19,23,28.26419464028614
995,2015-10-20,35,28.90569991263984
996,2015-10-21,37,29.676585635245566
997,2015-10-22,27,29.42167271760313
998,2015-10-23,34,29.85770388735521
999,2015-10-24,28,29.680779707607094
1000,2015-10-25,25,29.234991164025466
1001,2015-10-26,27,29.022134862689708
1002,2015-10-27,24,28.543836304338306
1003,2015-10-28,28,28.4920423705918
1004,2015-10-29,25,28.159466906725918
1005,2015-10-30,39,29.191898629894876
1006,2015-10-31,35,29.745051141333462
1007,2015-11-01,23,29.10266531834932
1008,2015-11-02,24,28.616697192792245
1009,2015-11-03,30,28.74844031728822
1010,2015-11-04,28,28.677160287070297
1011,2015-11-05,37,29.469811688301697
1012,2015-11-06,34,29.901258194177725
1013,2015-11-07,32,30.101138366160797
1014,2015-11-08,23,29.424839474145482
1015,2015-11-09,36,30.051045238512582
1016,2015-11-10,31,30.141421882463764
1017,2015-11-11,36,30.6993817031815
1018,2015-11-12,26,30.251821540973737
1019,2015-11-13,28,30.037362346595284
1020,2015-11-14,25,29.557613551681445
1021,2015-11-15,30,29.59974559437845
1022,2015-11-16,29,29.54262696634241
1023,2015-11-17,31,29.681424398119322
1024,2015-11-18,33,29.997479217346054
1025,2015-11-19,31,30.092957387122624
1026,2015-11-20,34,30.465056683587136
1027,2015-11-21,36,30.992194142293123
1028,2015-11-22,28,30.70722327159854
1029,2015-11-23,31,30.735106769541538
1030,2015-11-24,24,30.093668029585203
1031,2015-11-25,29,29.989509169624704
1032,2015-11-26,19,28.942889248708063
1033,2015-11-27,26,28.66261408216444
1034,2015-11-28,33,29.075698455291636
1035,2015-11-29,22,28.401822411930524
1036,2015-11-30,29,28.45879170603238
1037,2015-12-01,30,28.605573448315006
1038,2015-12-02,34,29.119328357999294
1039,2015-12-03,28,29.012725657237457
1040,2015-12-04,39,29.96389464226246
1041,2015-12-05,40,30.919714200142227
1042,2015-12-06,27,30.54640808584297
1043,2015-12-07,20,29.541988268143637
1044,2015-12-08,20,28.633227480701382
1045,2015-12-09,22,28.001491530158393
1046,2015-12-10,26,27.810873289190926
1047,2015-12-11,39,28.876504404506075
1048,2015-12-12,27,28.69778969931502
1049,2015-12-13,20,27.86942877557073
1050,2015-12-14,26,27.69138793980209
1051,2015-12-15,35,28.38744623124951
1052,2015-12-16,26,28.160070399701937
1053,2015-12-17,23,27.668635123539847
1054,2015-12-18,39,28.747812730821767
1055,2015-12-19,27,28.58135437550541
1056,2015-12-20,18,27.57360633974299
1057,2015-12-21,20,26.852310497862707
1058,2015-12-22,26,26.77113806949483
1059,2015-12-23,32,27.269124920019134
1060,2015-12-24,22,26.76730349906493
1061,2015-12-25,26,26.69422697534446
1062,2015-12-26,28,26.81858631102594
1063,2015-12-27,19,26.073959043309184
1064,2015-12-28,28,26.25739151537498
1065,2015-12-29,26,26.232878037720223
1066,2015-12-30,19,25.5440325103183
1067,2015-12-31,53,28.158886556954656
1068,2016-01-01,40,29.2866116467685
1069,2016-01-02,32,29.5450295851715
1070,2016-01-03,29,29.493122005631356
1071,2016-01-04,26,29.16044371938075
1072,2016-01-05,35,29.716591936582585
1073,2016-01-06,34,30.124535561669962
1074,2016-01-07,34,30.49362741293949
1075,2016-01-08,25,29.970424802183345
1076,2016-01-09,30,29.973241487689695
1077,2016-01-10,26,29.594837536481155
1078,2016-01-11,25,29.15723396157819
1079,2016-01-12,32,29.427973584285027
1080,2016-01-13,39,30.339595147686452
1081,2016-01-14,35,30.783443228859174
1082,2016-01-15,36,31.280258159444013
1083,2016-01-16,27,30.87261452521125
1084,2016-01-17,21,29.93236552281018
1085,2016-01-18,31,30.034044996828257
1086,2016-01-19,27,29.745088330463663
1087,2016-01-20,38,30.53127039422903
1088,2016-01-21,28,30.290197023350075
1089,2016-01-22,40,31.214940163983403
1090,2016-01-23,20,30.146850624556414
1091,2016-01-24,14,28.60905532697961
1092,2016-01-25,17,27.50343101012441
1093,2016-01-26,38,28.50310424725542
1094,2016-01-27,38,29.40757050942157
1095,2016-01-28,33,29.74970665138142
1096,2016-01-29,34,30.154496494107
1097,2016-01-30,20,29.187401589906333
1098,2016-01-31,30,29.264791914677158
1099,2016-02-01,31,29.430049827565046
1100,2016-02-02,36,30.05575936779695
1101,2016-02-03,36,30.62187752324486
1102,2016-02-04,37,31.2293177591263
1103,2016-02-05,27,30.82652559159046
1104,2016-02-06,29,30.65257077334375
1105,2016-02-07,28,30.39994498540625
1106,2016-02-08,27,30.076140701081844
1107,2016-02-09,37,30.735555872407385
1108,2016-02-10,44,31.998836265511446
1109,2016-02-11,40,32.760851859272265
1110,2016-02-12,45,33.92648501553205
1111,2016-02-13,49,35.36205787119567
1112,2016-02-14,36,35.42281426441513
1113,2016-02-15,36,35.47778433447083
1114,2016-02-16,38,35.71799535023551
1115,2016-02-17,36,35.74485293592737
1116,2016-02-18,36,35.769152656315235
1117,2016-02-19,42,36.36256668904712
1118,2016-02-20,41,36.80422700437597
1119,2016-02-21,26,35.77525300395921
1120,2016-02-22,31,35.320467003582145
1121,2016-02-23,34,35.19470824133623
1122,2016-02-24,46,36.22378364692326
1123,2016-02-25,35,36.107232823406754
1124,2016-02-26,43,36.76368684022516
1125,2016-02-27,22,35.35762142687038
1126,2016-02-28,40,35.79975271954939
1127,2016-02-29,36,35.81882388911611
1128,2016-03-01,52,37.359888280628866
1129,2016-03-02,34,37.03989892056897
1130,2016-03-03,34,36.75038473765764
1131,2016-03-04,26,35.72653857216644
1132,2016-03-05,44,36.51448727957916
1133,2016-03-06,58,38.5607265862859
1134,2016-03-07,30,37.74541929235391
1135,2016-03-08,36,37.5791888835583
1136,2016-03-09,34,37.23831375179084
1137,2016-03-10,27,36.263236251620285
1138,2016-03-11,37,36.33340422765645
1139,2016-03-12,40,36.682603825022504
1140,2016-03-13,22,35.28426060359179
1141,2016-03-14,27,34.495283403249715
1142,2016-03-15,30,34.067161174368785
1143,2016-03-16,28,33.48933630061937
1144,2016-03-17,45,34.58558998627467
1145,2016-03-18,32,34.33934332091518
1146,2016-03-19,41,34.97369157606611
1147,2016-03-20,28,34.30953047358362
1148,2016-03-21,29,33.8038609046709
1149,2016-03-22,34,33.82254081851176
1150,2016-03-23,36,34.0299178834154
1151,2016-03-24,35,34.122306656423454
1152,2016-03-25,32,33.92018221295456
1153,2016-03-26,25,33.070641049816025
1154,2016-03-27,18,31.635341902214495
1155,2016-03-28,37,32.14626172105121
1156,2016-03-29,29,31.84661774761776
1157,2016-03-30,37,32.33741605736845
1158,2016-03-31,31,32.21004309952384
1159,2016-04-01,20,31.04718185195014
1160,2016-04-02,44,32.28078358033584
1161,2016-04-03,20,31.11118514411338
1162,2016-04-04,35,31.48154846372163
1163,2016-04-05,27,31.054734324319572
1164,2016-04-06,29,30.859045341051043
1165,2016-04-07,31,30.872469594284276
1166,2016-04-08,33,31.075091537685775
1167,2016-04-09,32,31.16317805790618
1168,2016-04-10,23,30.38573252858178
1169,2016-04-11,22,29.587091335383512
1170,2016-04-12,33,29.912130255823175
1171,2016-04-13,29,29.82526070764954
1172,2016-04-14,28,29.65142635454006
1173,2016-04-15,24,29.11319527315529
1174,2016-04-16,25,28.721462389997644
1175,2016-04-17,32,29.033704067140725
1176,2016-04-18,20,28.173351298841606
1177,2016-04-19,15,26.918746413237642
1178,2016-04-20,29,27.116961040548347
1179,2016-04-21,26,27.010583798591362
1180,2016-04-22,33,27.581004389201706
1181,2016-04-23,28,27.62090873308726
1182,2016-04-24,28,27.657012663269427
1183,2016-04-25,20,26.92777336200567
1184,2016-04-26,20,26.26798542276703
1185,2016-04-27,29,26.528177287265407
1186,2016-04-28,34,27.239779450382983
1187,2016-04-29,31,27.59789569320365
1188,2016-04-30,34,28.207619912898544
1189,2016-05-01,33,28.66403706405106
1190,2016-05-02,29,28.69603353414144
1191,2016-05-03,18,27.677363673747017
1192,2016-05-04,30,27.898567133390156
1193,2016-05-05,33,28.384417882591094
1194,2016-05-06,27,28.252568560439563
1195,2016-05-07,32,28.60946679277865
1196,2016-05-08,18,27.599041383942588
1197,2016-05-09,32,28.01818029975758
1198,2016-05-10,23,27.540258366447333
1199,2016-05-11,26,27.393567093452347
1200,2016-05-12,35,28.117989275028314
1201,2016-05-13,27,28.011514105977998
1202,2016-05-14,25,27.724703238742
1203,2016-05-15,24,27.369969596957045
1204,2016-05-16,19,26.57282963534209
1205,2016-05-17,25,26.42303633673808
1206,2016-05-18,24,26.192270971334455
1207,2016-05-19,24,25.983483259778794
1208,2016-05-20,34,26.74696104456176
1209,2016-05-21,39,27.91391713555588
1210,2016-05-22,29,28.017353598836273
1211,2016-05-23,32,28.39665325608996
1212,2016-05-24,24,27.97792437455758
1213,2016-05-25,21,27.31336014840924
1214,2016-05-26,34,27.950182991417886
1215,2016-05-27,40,29.09778461128285
1216,2016-05-28,18,28.040852743541627
1217,2016-05-29,9,26.227438196537662
1218,2016-05-30,10,24.6819678921055
1219,2016-05-31,15,23.759875711904975
1220,2016-06-01,15,22.92560183458069
1221,2016-06-02,11,21.78983023128729
1222,2016-06-03,14,21.047941637831357
1223,2016-06-04,9,19.90051862470456
1224,2016-06-05,9,18.862373993780317
1225,2016-06-06,13,18.304052661039332
1226,2016-06-07,11,17.608428598083204
1227,2016-06-08,7,16.59810206493242
1228,2016-06-09,15,16.445901868272188
1229,2016-06-10,13,16.11772073796055
1230,2016-06-11,5,15.058890191488116
1231,2016-06-12,13,14.86280541134639
1232,2016-06-13,19,15.256823943599114
1233,2016-06-14,8,14.56569785373253
1234,2016-06-15,12,14.321345677186574
1235,2016-06-16,11,14.005027041264045
1236,2016-06-17,11,13.718833989715087
1237,2016-06-18,16,13.936087895456506
1238,2016-06-19,16,14.132650953032078
1239,2016-06-20,13,14.02477943369569
1240,2016-06-21,14,14.022419487629435
1241,2016-06-22,10,13.639331917379012
1242,2016-06-23,15,13.768919353819106
1243,2016-06-24,12,13.600450843931574
1244,2016-06-25,10,13.25755076355714
1245,2016-06-26,8,12.756831643218364
1246,2016-06-27,14,12.87522862957852
1247,2016-06-28,10,12.601397331523422
1248,2016-06-29,8,12.163169014235477
1249,2016-06-30,12,12.147629108117812
1250,2016-07-01,14,12.324045383535163
1251,2016-07-02,12,12.293183918436574
1252,2016-07-03,10,12.074785450014042
1253,2016-07-04,7,11.591472550012703
1254,2016-07-05,10,11.43990373572578
1255,2016-07-06,11,11.398008141847134
1256,2016-07-07,7,10.979150223575978
1257,2016-07-08,8,10.695421630854456
1258,2016-07-09,4,10.057762427915936
1259,2016-07-10,10,10.052261244304894
1260,2016-07-11,15,10.523474459133
1261,2016-07-12,13,10.759334034453666
1262,2016-07-13,13,10.972730793077126
1263,2016-07-14,11,10.975327860403114
1264,2016-07-15,11,10.97767758798377
1265,2016-07-16,12,11.075041627223412
1266,2016-07-17,7,10.686942424630706
1267,2016-07-18,11,10.716757431808734
1268,2016-07-19,7,10.362780533541235
1269,2016-07-20,11,10.423468101775402
1270,2016-07-21,7,10.097423520653935
1271,2016-07-22,6,9.707192709163083
1272,2016-07-23,5,9.258888641623741
1273,2016-07-24,8,9.138994485278623
1274,2016-07-25,13,9.50670929620447
1275,2016-07-26,6,9.172736982280234
1276,2016-07-27,12,9.442000126824976
1277,2016-07-28,17,10.161809638555932
1278,2016-07-29,10,10.1463991967887
1279,2016-07-30,9,10.037218320904062
1280,2016-07-31,6,9.652721337960818
1281,2016-08-01,18,10.447700258155026
1282,2016-08-02,7,10.119347852616452
1283,2016-08-03,11,10.203219485700599
1284,2016-08-04,7,9.898150963252922
1285,2016-08-05,8,9.717374681038358
1286,2016-08-06,11,9.839529473320418
1287,2016-08-07,13,10.140526666337522
1288,2016-08-08,5,9.6509526981149
1289,2016-08-09,13,9.969909584008718
1290,2016-08-10,9,9.877537242674554
1291,2016-08-11,4,9.317771790991264
1292,2016-08-12,8,9.192269715658762
1293,2016-08-13,6,8.888244028453165
1294,2016-08-14,7,8.708411263838578
1295,2016-08-15,10,8.83141971490157
1296,2016-08-16,6,8.561760694434753
1297,2016-08-17,7,8.413021580679063
1298,2016-08-18,4,7.992733811090581
1299,2016-08-19,9,8.08866392432005
1300,2016-08-20,8,8.080219741051474
1301,2016-08-21,6,7.882103575237047
1302,2016-08-22,4,7.512379425214471
1303,2016-08-23,16,8.320724241860713
1304,2016-08-24,2,7.718750504540644
1305,2016-08-25,8,7.745536170774868
1306,2016-08-26,15,8.436437487843929
1307,2016-08-27,13,8.87106248900165
1308,2016-08-28,6,8.597627966239587
1309,2016-08-29,12,8.921663398026293
1310,2016-08-30,7,8.738647836309504
1311,2016-08-31,10,8.858776613803837
1312,2016-09-01,9,8.872226460108234
1313,2016-09-02,11,9.074871559145544
1314,2016-09-03,7,8.877264743988826
1315,2016-09-04,6,8.603239530275605
1316,2016-09-05,5,8.260073860725548
1317,2016-09-06,5,7.949590635894543
1318,2016-09-07,5,7.668677241999825
1319,2016-09-08,8,7.700231790380795
1320,2016-09-09,8,7.728781143677862
1321,2016-09-10,4,7.373659129994255
1322,2016-09-11,3,6.957120165232898
1323,2016-09-12,5,6.770727768544051
1324,2016-09-13,5,6.602087028682712
1325,2016-09-14,6,6.544745406903406
1326,2016-09-15,9,6.77857917767451
1327,2016-09-16,5,6.609190684562652
1328,2016-09-17,8,6.741648714604303
1329,2016-09-18,4,6.480539313213416
1330,2016-09-19,7,6.530011759574043
1331,2016-09-20,10,6.860486830090801
1332,2016-09-21,4,6.588059512939297
1333,2016-09-22,13,7.198720511706983
1334,2016-09-23,7,7.179794748687271
1335,2016-09-24,8,7.257909534526578
1336,2016-09-25,11,7.614299102666905
1337,2016-09-26,5,7.365318235746247
1338,2016-09-27,9,7.521002213294224
1339,2016-09-28,4,7.185668669170965
1340,2016-09-29,3,6.787033557821348
1341,2016-09-30,10,7.093030361838363
1342,2016-10-01,7,7.084170327377567
1343,2016-10-02,6,6.980916010484465
1344,2016-10-03,12,7.458924009485946
1345,2016-10-04,6,7.31997886572538
1346,2016-10-05,8,7.384742783275344
1347,2016-10-06,3,6.967148232487216
1348,2016-10-07,5,6.7798007817741475
1349,2016-10-08,9,6.991248326367087
1350,2016-10-09,4,6.706367533379745
1351,2016-10-10,5,6.543856339724532
1352,2016-10-11,8,6.682536688322196
1353,2016-10-12,7,6.712771289434369
1354,2016-10-13,9,6.930602595202525
1355,2016-10-14,11,7.318164252802284
1356,2016-10-15,7,7.287862895392543
1357,2016-10-16,7,7.260447381545634
1358,2016-10-17,12,7.711833345207956
1359,2016-10-18,5,7.4535635028071985
1360,2016-10-19,10,7.696081264444608
1361,2016-10-20,9,7.820264001164168
1362,2016-10-21,6,7.646905524862818
1363,2016-10-22,5,7.394819284399693
1364,2016-10-23,10,7.642931733504485
1365,2016-10-24,12,8.057890616027867
1366,2016-10-25,5,7.766662938310928
1367,2016-10-26,5,7.503171229900363
1368,2016-10-27,5,7.264773969909853
1369,2016-10-28,9,7.4300335918232
1370,2016-10-29,12,7.865268487840038
1371,2016-10-30,10,8.068576250902892
1372,2016-10-31,7,7.9668070841502345
1373,2016-11-01,6,7.779492123754975
1374,2016-11-02,3,7.324302397683072
1375,2016-11-03,9,7.483892645522779
1376,2016-11-04,7,7.437807631663468
1377,2016-11-05,5,7.205635476266948
1378,2016-11-06,9,7.3765273356700956
1379,2016-11-07,6,7.2454294941777055
1380,2016-11-08,12,7.6982457328274485
1381,2016-11-09,7,7.631746139224835
1382,2016-11-10,6,7.476341745012946
1383,2016-11-11,2,6.954785388345046
1384,2016-11-12,2,6.482901065645518
1385,2016-11-13,7,6.532148583203089
1386,2016-11-14,9,6.7671820514694625
1387,2016-11-15,5,6.598878998948561
1388,2016-11-16,6,6.541842903810604
1389,2016-11-17,7,6.585476912971498
1390,2016-11-18,12,7.101145778402785
1391,2016-11-19,4,6.805798561412043
1392,2016-11-20,6,6.729055841277563
1393,2016-11-21,9,6.945336237346367
1394,2016-11-22,8,7.045780405218141
1395,2016-11-23,7,7.041420366625938
1396,2016-11-24,8,7.132713665042516
1397,2016-11-25,1,6.548645696943228
1398,2016-11-26,6,6.4963937258057785
1399,2016-11-27,3,6.16340384715761
1400,2016-11-28,5,6.052603480761647
1401,2016-11-29,2,5.666641244498632
1402,2016-11-30,7,5.79362779264162
1403,2016-12-01,7,5.908520383818608
1404,2016-12-02,5,5.821994632978741
1405,2016-12-03,7,5.934185620314099
1406,2016-12-04,8,6.130929846950853
1407,2016-12-05,9,6.404174623431724
1408,2016-12-06,4,6.175205611676321
1409,2016-12-07,5,6.063281267707147
1410,2016-12-08,11,6.533444956496942
1411,2016-12-09,8,6.673116865401996
1412,2016-12-10,5,6.513772402030377
1413,2016-12-11,5,6.3696036018370075
1414,2016-12-12,5,6.239165163566815
1415,2016-12-13,8,6.406863719417595
1416,2016-12-14,7,6.463352888996871
1417,2016-12-15,13,7.085890709092409
1418,2016-12-16,6,6.982472546321703
1419,2016-12-17,5,6.793665637148207
1420,2016-12-18,6,6.718078433610282
1421,2016-12-19,7,6.744928106599779
1422,2016-12-20,5,6.578744477399799
1423,2016-12-21,14,7.285530717647437
1424,2016-12-22,10,7.544051601681015
1425,2016-12-23,2,7.016046687235203
1426,2016-12-24,7,7.014518431308041
1427,2016-12-25,5,6.822659533088227
1428,2016-12-26,5,6.649072910889348
1429,2016-12-27,2,6.20630406223322
1430,2016-12-28,7,6.281894151544342
1431,2016-12-29,3,5.969332803778213
1432,2016-12-30,10,6.35320587008505
1433,2016-12-31,7,6.4148053110293315
